ISO-10303-21;
HEADER;
FILE_DESCRIPTION (( 'STEP AP214' ),
    '1' );
FILE_NAME ('top_plate_alternative_2.STEP',
    '2026-07-31T11:39:16',
    ( '' ),
    ( '' ),
    'SwSTEP 2.0',
    'SolidWorks 2026',
    '' );
FILE_SCHEMA (( 'AUTOMOTIVE_DESIGN' ));
ENDSEC;

DATA;
#1 = EDGE_CURVE ( 'NONE', #1552, #1108, #629, .T. ) ;
#2 = DIRECTION ( 'NONE',  ( -0.7071067811867437491, 0.000000000000000000, -0.7071067811863512853 ) ) ;
#3 = VECTOR ( 'NONE', #1365, 1000.000000000000000 ) ;
#4 = ORIENTED_EDGE ( 'NONE', *, *, #1491, .T. ) ;
#5 = ADVANCED_FACE ( 'NONE', ( #455 ), #1599, .F. ) ;
#6 = AXIS2_PLACEMENT_3D ( 'NONE', #1275, #377, #1097 ) ;
#7 = CYLINDRICAL_SURFACE ( 'NONE', #2254, 6.000000000000000000 ) ;
#8 = ORIENTED_EDGE ( 'NONE', *, *, #1349, .F. ) ;
#9 = CYLINDRICAL_SURFACE ( 'NONE', #485, 1.574999999999993516 ) ;
#10 = AXIS2_PLACEMENT_3D ( 'NONE', #2072, #1719, #292 ) ;
#11 = ORIENTED_EDGE ( 'NONE', *, *, #625, .F. ) ;
#12 = CARTESIAN_POINT ( 'NONE',  ( -18.41987835701897325, -14.92925506250734813, -1.734723475976807883E-15 ) ) ;
#13 = VECTOR ( 'NONE', #1284, 1000.000000000000000 ) ;
#14 = DIRECTION ( 'NONE',  ( -1.000000000000000000, 0.000000000000000000, 0.000000000000000000 ) ) ;
#15 = FACE_OUTER_BOUND ( 'NONE', #2044, .T. ) ;
#16 = DIRECTION ( 'NONE',  ( 0.000000000000000000, 0.000000000000000000, 1.000000000000000000 ) ) ;
#17 = ORIENTED_EDGE ( 'NONE', *, *, #1306, .F. ) ;
#18 = FACE_OUTER_BOUND ( 'NONE', #1406, .T. ) ;
#19 = ORIENTED_EDGE ( 'NONE', *, *, #1024, .T. ) ;
#20 = DIRECTION ( 'NONE',  ( 0.000000000000000000, 0.000000000000000000, 1.000000000000000000 ) ) ;
#21 = CARTESIAN_POINT ( 'NONE',  ( -14.99999999999999822, 3.702041028867257388, 0.000000000000000000 ) ) ;
#22 = DIRECTION ( 'NONE',  ( -1.000000000000000000, 1.734723475976806700E-15, -0.000000000000000000 ) ) ;
#23 = DIRECTION ( 'NONE',  ( -0.7071067811867193242, 0.000000000000000000, -0.7071067811863758212 ) ) ;
#24 = CARTESIAN_POINT ( 'NONE',  ( -11.10000000000026787, 2.682611179000530885E-13, -1.734723475976807883E-15 ) ) ;
#25 = ORIENTED_EDGE ( 'NONE', *, *, #1073, .T. ) ;
#26 = PLANE ( 'NONE',  #2018 ) ;
#27 = ORIENTED_EDGE ( 'NONE', *, *, #2165, .T. ) ;
#28 = DIRECTION ( 'NONE',  ( -0.000000000000000000, -0.000000000000000000, -1.000000000000000000 ) ) ;
#29 = ADVANCED_FACE ( 'NONE', ( #1876 ), #819, .F. ) ;
#30 = DIRECTION ( 'NONE',  ( -0.9416563426967258232, -0.3365758937580445309, 0.000000000000000000 ) ) ;
#31 = CARTESIAN_POINT ( 'NONE',  ( -18.31712053120977401, -10.68563721909178810, 4.000000000000000000 ) ) ;
#32 = VERTEX_POINT ( 'NONE', #2030 ) ;
#33 = CARTESIAN_POINT ( 'NONE',  ( 18.99999999999995381, 17.50000000000006395, 0.000000000000000000 ) ) ;
#34 = CIRCLE ( 'NONE', #1641, 2.124999999999998224 ) ;
#35 = CARTESIAN_POINT ( 'NONE',  ( 15.00000000000000355, -5.977355505608127118, 4.000000000000000000 ) ) ;
#36 = AXIS2_PLACEMENT_3D ( 'NONE', #968, #2230, #1852 ) ;
#37 = ORIENTED_EDGE ( 'NONE', *, *, #139, .F. ) ;
#38 = VECTOR ( 'NONE', #766, 1000.000000000000000 ) ;
#39 = CARTESIAN_POINT ( 'NONE',  ( -19.53325074157381991, -14.30619384669944871, 4.000000000000000000 ) ) ;
#40 = EDGE_LOOP ( 'NONE', ( #172, #1462, #78, #2088 ) ) ;
#41 = LINE ( 'NONE', #754, #784 ) ;
#42 = CARTESIAN_POINT ( 'NONE',  ( -22.53325074157381280, -15.93444257402482123, 0.000000000000000000 ) ) ;
#43 = CARTESIAN_POINT ( 'NONE',  ( -15.11231845728875989, 4.857552193511463834, 4.999999999999999112 ) ) ;
#44 = AXIS2_PLACEMENT_3D ( 'NONE', #589, #1534, #2037 ) ;
#45 = ORIENTED_EDGE ( 'NONE', *, *, #1249, .T. ) ;
#46 = CIRCLE ( 'NONE', #831, 2.125000000000001776 ) ;
#47 = ORIENTED_EDGE ( 'NONE', *, *, #2185, .T. ) ;
#48 = CARTESIAN_POINT ( 'NONE',  ( 0.000000000000000000, 9.500000000000000000, 4.000000000000000000 ) ) ;
#49 = EDGE_CURVE ( 'NONE', #1184, #101, #1172, .T. ) ;
#50 = DIRECTION ( 'NONE',  ( 0.000000000000000000, 0.000000000000000000, 1.000000000000000000 ) ) ;
#51 = ORIENTED_EDGE ( 'NONE', *, *, #1003, .T. ) ;
#52 = EDGE_LOOP ( 'NONE', ( #250, #991, #11, #1751 ) ) ;
#53 = CARTESIAN_POINT ( 'NONE',  ( -15.00000000000000178, 17.50000000000000355, 4.000000000000000000 ) ) ;
#54 = ORIENTED_EDGE ( 'NONE', *, *, #2299, .T. ) ;
#55 = LINE ( 'NONE', #1116, #38 ) ;
#56 = CARTESIAN_POINT ( 'NONE',  ( -19.00000000000000000, 13.49999999999999467, 4.000000000000000000 ) ) ;
#57 = VERTEX_POINT ( 'NONE', #1669 ) ;
#58 = CARTESIAN_POINT ( 'NONE',  ( 16.52108688956722204, -9.588442348176744900, 4.057167281336621301 ) ) ;
#59 = CARTESIAN_POINT ( 'NONE',  ( -9.500000000000266454, 2.682611179000530885E-13, 0.000000000000000000 ) ) ;
#60 = ORIENTED_EDGE ( 'NONE', *, *, #68, .T. ) ;
#61 = DIRECTION ( 'NONE',  ( -3.409293297311320668E-16, 1.000000000000000000, 0.000000000000000000 ) ) ;
#62 = VERTEX_POINT ( 'NONE', #1159 ) ;
#63 = CARTESIAN_POINT ( 'NONE',  ( -15.00000000000000178, 17.50000000000000355, 0.000000000000000000 ) ) ;
#64 = DIRECTION ( 'NONE',  ( -0.000000000000000000, -0.000000000000000000, -1.000000000000000000 ) ) ;
#65 = ORIENTED_EDGE ( 'NONE', *, *, #1988, .F. ) ;
#66 = CARTESIAN_POINT ( 'NONE',  ( 16.99999999999999645, 8.174176983866860979, 4.000000000000000000 ) ) ;
#67 = LINE ( 'NONE', #2220, #328 ) ;
#68 = EDGE_CURVE ( 'NONE', #1372, #1485, #1720, .T. ) ;
#69 = CARTESIAN_POINT ( 'NONE',  ( -15.31222719351430861, -17.64098004604367631, 4.000000000000000000 ) ) ;
#70 = VECTOR ( 'NONE', #1975, 1000.000000000000000 ) ;
#71 = DIRECTION ( 'NONE',  ( -1.000000000000000000, 0.000000000000000000, 0.000000000000000000 ) ) ;
#72 = VERTEX_POINT ( 'NONE', #1526 ) ;
#73 = AXIS2_PLACEMENT_3D ( 'NONE', #893, #1960, #704 ) ;
#74 = EDGE_CURVE ( 'NONE', #1415, #1093, #2156, .T. ) ;
#75 = AXIS2_PLACEMENT_3D ( 'NONE', #154, #500, #2303 ) ;
#76 = FACE_OUTER_BOUND ( 'NONE', #1150, .T. ) ;
#77 = DIRECTION ( 'NONE',  ( -0.000000000000000000, -0.000000000000000000, -1.000000000000000000 ) ) ;
#78 = ORIENTED_EDGE ( 'NONE', *, *, #1263, .F. ) ;
#79 = VECTOR ( 'NONE', #2285, 1000.000000000000000 ) ;
#80 = CARTESIAN_POINT ( 'NONE',  ( 15.39999999999997371, 13.50000000000002842, 4.000000000000000000 ) ) ;
#81 = AXIS2_PLACEMENT_3D ( 'NONE', #1836, #230, #945 ) ;
#82 = DIRECTION ( 'NONE',  ( -0.000000000000000000, -0.000000000000000000, -1.000000000000000000 ) ) ;
#83 = FACE_OUTER_BOUND ( 'NONE', #2198, .T. ) ;
#84 = DIRECTION ( 'NONE',  ( 1.000000000000000000, 0.000000000000000000, 0.000000000000000000 ) ) ;
#85 = ORIENTED_EDGE ( 'NONE', *, *, #144, .F. ) ;
#86 = CARTESIAN_POINT ( 'NONE',  ( -19.00000000000000000, 13.49999999999999467, 0.000000000000000000 ) ) ;
#87 = EDGE_CURVE ( 'NONE', #1029, #1765, #1205, .T. ) ;
#88 = EDGE_LOOP ( 'NONE', ( #576, #138, #1611, #8 ) ) ;
#89 = CARTESIAN_POINT ( 'NONE',  ( 9.499999999999729994, -2.670977034408631172E-13, 0.000000000000000000 ) ) ;
#90 = ORIENTED_EDGE ( 'NONE', *, *, #381, .T. ) ;
#91 = ADVANCED_FACE ( 'NONE', ( #950 ), #2241, .F. ) ;
#92 = CARTESIAN_POINT ( 'NONE',  ( 15.53950973226602628, -8.243408728128549967, 4.417584586970717986 ) ) ;
#93 = DIRECTION ( 'NONE',  ( -0.000000000000000000, -0.000000000000000000, -1.000000000000000000 ) ) ;
#94 = DIRECTION ( 'NONE',  ( -1.000000000000000000, 0.000000000000000000, 0.000000000000000000 ) ) ;
#95 = CARTESIAN_POINT ( 'NONE',  ( 11.09999999999973141, -2.669017599529995308E-13, -1.734723475976807883E-15 ) ) ;
#96 = ORIENTED_EDGE ( 'NONE', *, *, #612, .F. ) ;
#97 = CARTESIAN_POINT ( 'NONE',  ( 14.99999999999999822, 8.174176983866860979, 4.000000000000000000 ) ) ;
#98 = ORIENTED_EDGE ( 'NONE', *, *, #1522, .F. ) ;
#99 = FACE_OUTER_BOUND ( 'NONE', #2008, .T. ) ;
#100 = ADVANCED_FACE ( 'NONE', ( #83 ), #959, .F. ) ;
#101 = VERTEX_POINT ( 'NONE', #630 ) ;
#102 = CARTESIAN_POINT ( 'NONE',  ( 15.11231845728875633, 4.857552193511462946, 5.000000000000000000 ) ) ;
#103 = EDGE_CURVE ( 'NONE', #1303, #2093, #2232, .T. ) ;
#104 = CARTESIAN_POINT ( 'NONE',  ( -17.49999999999996803, 13.50000000000002132, 4.000000000000000000 ) ) ;
#105 = ORIENTED_EDGE ( 'NONE', *, *, #74, .F. ) ;
#106 = SURFACE_STYLE_USAGE ( .BOTH. , #809 ) ;
#107 = VERTEX_POINT ( 'NONE', #1505 ) ;
#108 = CARTESIAN_POINT ( 'NONE',  ( -23.00000000000003553, 3.702041028867275152, 5.597283974997632860 ) ) ;
#109 = ORIENTED_EDGE ( 'NONE', *, *, #378, .T. ) ;
#110 = AXIS2_PLACEMENT_3D ( 'NONE', #2163, #977, #756 ) ;
#111 = CARTESIAN_POINT ( 'NONE',  ( 15.00000000000000178, 4.111954131925948275, 5.439016358715394794 ) ) ;
#112 = AXIS2_PLACEMENT_3D ( 'NONE', #359, #173, #1794 ) ;
#113 = ORIENTED_EDGE ( 'NONE', *, *, #211, .F. ) ;
#114 = APPLICATION_PROTOCOL_DEFINITION ( 'draft international standard', 'automotive_design', 1998, #435 ) ;
#115 = DIRECTION ( 'NONE',  ( -0.000000000000000000, -0.000000000000000000, -1.000000000000000000 ) ) ;
#116 = CIRCLE ( 'NONE', #1084, 5.000000000000000888 ) ;
#117 = ADVANCED_FACE ( 'NONE', ( #796 ), #2221, .F. ) ;
#118 = AXIS2_PLACEMENT_3D ( 'NONE', #1986, #1804, #364 ) ;
#119 = DIRECTION ( 'NONE',  ( 2.891205793294678326E-16, -1.000000000000000000, 0.000000000000000000 ) ) ;
#120 = VECTOR ( 'NONE', #502, 1000.000000000000000 ) ;
#121 = CARTESIAN_POINT ( 'NONE',  ( 1.574999999999451505, -9.500000000000000000, 0.02499999999999724665 ) ) ;
#122 = VERTEX_POINT ( 'NONE', #1887 ) ;
#123 = CARTESIAN_POINT ( 'NONE',  ( -12.49999999999999822, 4.857552193511462946, 4.999999999999999112 ) ) ;
#124 = EDGE_LOOP ( 'NONE', ( #1528, #849, #1136, #1443 ) ) ;
#125 = FACE_OUTER_BOUND ( 'NONE', #334, .T. ) ;
#126 = ORIENTED_EDGE ( 'NONE', *, *, #760, .F. ) ;
#127 = CARTESIAN_POINT ( 'NONE',  ( -15.90575098574777435, 6.889121048053468144, 4.131588535918086613 ) ) ;
#128 = ADVANCED_FACE ( 'NONE', ( #277 ), #1146, .F. ) ;
#129 = DIRECTION ( 'NONE',  ( 1.000000000000000000, -3.362441617396929081E-16, -0.000000000000000000 ) ) ;
#130 = ORIENTED_EDGE ( 'NONE', *, *, #1700, .T. ) ;
#131 = LINE ( 'NONE', #289, #2134 ) ;
#132 = EDGE_LOOP ( 'NONE', ( #1632, #2180 ) ) ;
#133 = DIRECTION ( 'NONE',  ( 0.7071067811867682851, 8.659560562357635939E-17, -0.7071067811863266384 ) ) ;
#134 = VERTEX_POINT ( 'NONE', #1758 ) ;
#135 = DIRECTION ( 'NONE',  ( 0.000000000000000000, 0.000000000000000000, 1.000000000000000000 ) ) ;
#136 = FACE_OUTER_BOUND ( 'NONE', #737, .T. ) ;
#137 = LINE ( 'NONE', #1219, #1602 ) ;
#138 = ORIENTED_EDGE ( 'NONE', *, *, #870, .T. ) ;
#139 = EDGE_CURVE ( 'NONE', #1518, #1483, #1021, .T. ) ;
#140 = DIRECTION ( 'NONE',  ( 0.000000000000000000, 0.000000000000000000, 1.000000000000000000 ) ) ;
#141 = EDGE_LOOP ( 'NONE', ( #1923, #996, #1335, #1742 ) ) ;
#142 = CARTESIAN_POINT ( 'NONE',  ( -17.49999999999996803, 13.50000000000002132, 0.02499999999999724665 ) ) ;
#143 = EDGE_CURVE ( 'NONE', #905, #1830, #2244, .T. ) ;
#144 = EDGE_CURVE ( 'NONE', #1744, #1767, #256, .T. ) ;
#145 = ORIENTED_EDGE ( 'NONE', *, *, #353, .F. ) ;
#146 = DIRECTION ( 'NONE',  ( -0.7071067811867437491, 0.000000000000000000, -0.7071067811863512853 ) ) ;
#147 = CIRCLE ( 'NONE', #934, 2.099999999999994316 ) ;
#148 = CIRCLE ( 'NONE', #1460, 5.000000000000000888 ) ;
#149 = CIRCLE ( 'NONE', #1085, 1.574999999999999067 ) ;
#150 = FACE_OUTER_BOUND ( 'NONE', #1211, .T. ) ;
#151 = ORIENTED_EDGE ( 'NONE', *, *, #1890, .F. ) ;
#152 = CIRCLE ( 'NONE', #522, 1.574999999999999067 ) ;
#153 = CIRCLE ( 'NONE', #1735, 2.099999999999987210 ) ;
#154 = CARTESIAN_POINT ( 'NONE',  ( -17.67012887683727485, -7.922940138131037813, -1.734723475976807094E-15 ) ) ;
#155 = ORIENTED_EDGE ( 'NONE', *, *, #1510, .F. ) ;
#156 = DIRECTION ( 'NONE',  ( -2.891205793294678326E-16, 1.000000000000000000, 0.000000000000000000 ) ) ;
#157 = ORIENTED_EDGE ( 'NONE', *, *, #2035, .T. ) ;
#158 = EDGE_CURVE ( 'NONE', #1291, #315, #548, .T. ) ;
#159 = CARTESIAN_POINT ( 'NONE',  ( 15.00000000000000355, -5.977355505608128006, 4.000000000000000000 ) ) ;
#160 = CARTESIAN_POINT ( 'NONE',  ( -15.66670253955265402, 6.455793235468697766, 4.249385879688554191 ) ) ;
#161 = EDGE_CURVE ( 'NONE', #346, #434, #2310, .T. ) ;
#162 = CARTESIAN_POINT ( 'NONE',  ( -7.925000000000268940, 2.684539997709188007E-13, 4.000000000000000000 ) ) ;
#163 = EDGE_LOOP ( 'NONE', ( #924, #814, #1266, #380 ) ) ;
#164 = CARTESIAN_POINT ( 'NONE',  ( -15.00000000000000000, 3.702041028867277372, 5.597283974997632860 ) ) ;
#165 = VERTEX_POINT ( 'NONE', #162 ) ;
#166 = CARTESIAN_POINT ( 'NONE',  ( 18.99999999999999289, 17.49999999999999645, 4.000000000000000000 ) ) ;
#167 = ORIENTED_EDGE ( 'NONE', *, *, #1988, .T. ) ;
#168 = CARTESIAN_POINT ( 'NONE',  ( -15.81615582064305237, -17.79171828651637099, 0.000000000000000000 ) ) ;
#169 = DIRECTION ( 'NONE',  ( -0.7071067811867437491, 0.000000000000000000, -0.7071067811863512853 ) ) ;
#170 = EDGE_CURVE ( 'NONE', #2016, #122, #1033, .T. ) ;
#171 = CARTESIAN_POINT ( 'NONE',  ( -1.574999999999999067, 9.500000000000000000, 4.000000000000000000 ) ) ;
#172 = ORIENTED_EDGE ( 'NONE', *, *, #2069, .T. ) ;
#173 = DIRECTION ( 'NONE',  ( -0.000000000000000000, -0.000000000000000000, -1.000000000000000000 ) ) ;
#174 = ORIENTED_EDGE ( 'NONE', *, *, #170, .T. ) ;
#175 = DIRECTION ( 'NONE',  ( 2.891205793294678326E-16, 1.000000000000000000, 0.000000000000000000 ) ) ;
#176 = ORIENTED_EDGE ( 'NONE', *, *, #1929, .F. ) ;
#177 = FACE_OUTER_BOUND ( 'NONE', #2023, .T. ) ;
#178 = DIRECTION ( 'NONE',  ( -0.000000000000000000, -0.000000000000000000, -1.000000000000000000 ) ) ;
#179 = DIRECTION ( 'NONE',  ( -1.000000000000000000, 0.000000000000000000, 0.000000000000000000 ) ) ;
#180 = CIRCLE ( 'NONE', #1793, 2.124999999999998224 ) ;
#181 = LINE ( 'NONE', #900, #70 ) ;
#182 = AXIS2_PLACEMENT_3D ( 'NONE', #1308, #262, #212 ) ;
#183 = ADVANCED_FACE ( 'NONE', ( #150 ), #439, .F. ) ;
#184 = VERTEX_POINT ( 'NONE', #1558 ) ;
#185 = VECTOR ( 'NONE', #835, 1000.000000000000000 ) ;
#186 = AXIS2_PLACEMENT_3D ( 'NONE', #956, #1360, #2074 ) ;
#187 = LINE ( 'NONE', #1944, #1351 ) ;
#188 = ORIENTED_EDGE ( 'NONE', *, *, #627, .F. ) ;
#189 = CYLINDRICAL_SURFACE ( 'NONE', #604, 6.000000000000000000 ) ;
#190 = DIRECTION ( 'NONE',  ( -0.000000000000000000, -0.000000000000000000, -1.000000000000000000 ) ) ;
#191 = AXIS2_PLACEMENT_3D ( 'NONE', #2162, #20, #906 ) ;
#192 = CARTESIAN_POINT ( 'NONE',  ( 18.41987835701897325, -14.92925506250736234, -1.734723475976807883E-15 ) ) ;
#193 = CARTESIAN_POINT ( 'NONE',  ( 12.50000000000000355, -10.44949146060770673, 10.00000000000000000 ) ) ;
#194 = DIRECTION ( 'NONE',  ( -1.000000000000000000, 0.000000000000000000, 0.000000000000000000 ) ) ;
#195 = ORIENTED_EDGE ( 'NONE', *, *, #1707, .F. ) ;
#196 = EDGE_CURVE ( 'NONE', #2071, #1518, #1451, .T. ) ;
#197 = FACE_OUTER_BOUND ( 'NONE', #1107, .T. ) ;
#198 = ORIENTED_EDGE ( 'NONE', *, *, #915, .T. ) ;
#199 = FACE_OUTER_BOUND ( 'NONE', #1913, .T. ) ;
#200 = DIRECTION ( 'NONE',  ( -0.000000000000000000, -0.000000000000000000, -1.000000000000000000 ) ) ;
#201 = DIRECTION ( 'NONE',  ( -0.000000000000000000, -0.000000000000000000, -1.000000000000000000 ) ) ;
#202 = PRODUCT_RELATED_PRODUCT_CATEGORY ( 'part', '', ( #719 ) ) ;
#203 = VERTEX_POINT ( 'NONE', #865 ) ;
#204 = DIRECTION ( 'NONE',  ( 0.000000000000000000, 0.000000000000000000, 1.000000000000000000 ) ) ;
#205 = CARTESIAN_POINT ( 'NONE',  ( 20.54487835701897325, -14.92925506250736234, -1.734723475976807883E-15 ) ) ;
#206 = EDGE_LOOP ( 'NONE', ( #876, #4, #871, #317, #1661, #392, #483, #1730, #2013, #1746, #1320, #793, #507, #1603, #2262, #126, #1131, #1061, #151, #1047, #650, #1059, #836, #2090, #460 ) ) ;
#207 = DIRECTION ( 'NONE',  ( -0.000000000000000000, -0.000000000000000000, -1.000000000000000000 ) ) ;
#208 = EDGE_CURVE ( 'NONE', #1441, #303, #34, .T. ) ;
#209 = ORIENTED_EDGE ( 'NONE', *, *, #2118, .T. ) ;
#210 = CARTESIAN_POINT ( 'NONE',  ( -18.31712053120977401, -10.68563721909178810, 0.000000000000000000 ) ) ;
#211 = EDGE_CURVE ( 'NONE', #184, #1178, #137, .T. ) ;
#212 = DIRECTION ( 'NONE',  ( 1.000000000000000000, 0.000000000000000000, 0.000000000000000000 ) ) ;
#213 = ADVANCED_FACE ( 'NONE', ( #1740 ), #1193, .T. ) ;
#214 = CARTESIAN_POINT ( 'NONE',  ( -12.50000000000000178, -3.816241879896908440, -5.459248015255631436E-16 ) ) ;
#215 = ORIENTED_EDGE ( 'NONE', *, *, #309, .T. ) ;
#216 = VERTEX_POINT ( 'NONE', #676 ) ;
#217 = CARTESIAN_POINT ( 'NONE',  ( 15.13535263884598869, -7.132866670252307806, 5.000000000000000000 ) ) ;
#218 = AXIS2_PLACEMENT_3D ( 'NONE', #842, #1246, #1413 ) ;
#219 = ADVANCED_FACE ( 'NONE', ( #662 ), #1911, .T. ) ;
#220 = DIRECTION ( 'NONE',  ( 1.000000000000000000, 3.362441617396929081E-16, 0.000000000000000000 ) ) ;
#221 = CIRCLE ( 'NONE', #1535, 2.099999999999987210 ) ;
#222 = VERTEX_POINT ( 'NONE', #1381 ) ;
#223 = AXIS2_PLACEMENT_3D ( 'NONE', #1662, #1333, #574 ) ;
#224 = VERTEX_POINT ( 'NONE', #1930 ) ;
#225 = DIRECTION ( 'NONE',  ( 1.734723475976807489E-15, -1.000000000000000000, 0.000000000000000000 ) ) ;
#226 = ORIENTED_EDGE ( 'NONE', *, *, #87, .T. ) ;
#227 = VECTOR ( 'NONE', #1341, 1000.000000000000000 ) ;
#228 = AXIS2_PLACEMENT_3D ( 'NONE', #1319, #2207, #407 ) ;
#229 = LINE ( 'NONE', #1128, #1908 ) ;
#230 = DIRECTION ( 'NONE',  ( -0.000000000000000000, -0.000000000000000000, -1.000000000000000000 ) ) ;
#231 = CONICAL_SURFACE ( 'NONE', #1841, 2.124999999999998224, 0.7853981633976910848 ) ;
#232 = ADVANCED_FACE ( 'NONE', ( #473 ), #1191, .F. ) ;
#233 = ORIENTED_EDGE ( 'NONE', *, *, #787, .F. ) ;
#234 = AXIS2_PLACEMENT_3D ( 'NONE', #1376, #1215, #1399 ) ;
#235 = CARTESIAN_POINT ( 'NONE',  ( 16.51322630540860814, 7.699802834624607684, 4.012896683787650964 ) ) ;
#236 = ADVANCED_FACE ( 'NONE', ( #2086 ), #2099, .F. ) ;
#237 = DIRECTION ( 'NONE',  ( 1.000000000000000000, 3.584362867660578560E-16, 1.554469603237588787E-31 ) ) ;
#238 = ORIENTED_EDGE ( 'NONE', *, *, #1952, .T. ) ;
#239 = CARTESIAN_POINT ( 'NONE',  ( -22.53325074157381280, -15.93444257402482123, 4.000000000000000000 ) ) ;
#240 = EDGE_LOOP ( 'NONE', ( #852, #188 ) ) ;
#241 = FACE_BOUND ( 'NONE', #2126, .T. ) ;
#242 = CARTESIAN_POINT ( 'NONE',  ( -5.365222358001061769E-13, -9.500000000000000000, 4.000000000000000000 ) ) ;
#243 = ORIENTED_EDGE ( 'NONE', *, *, #497, .F. ) ;
#244 = LINE ( 'NONE', #2045, #2025 ) ;
#245 = EDGE_CURVE ( 'NONE', #2016, #1029, #2284, .T. ) ;
#246 = DIRECTION ( 'NONE',  ( -2.891205793294678326E-16, 1.000000000000000000, 0.000000000000000000 ) ) ;
#247 = EDGE_CURVE ( 'NONE', #647, #1382, #1455, .T. ) ;
#248 = DIRECTION ( 'NONE',  ( -1.000000000000000000, 0.000000000000000000, 0.000000000000000000 ) ) ;
#249 = CARTESIAN_POINT ( 'NONE',  ( 14.49450931879819393, -17.40531539028171437, 4.000000000000000000 ) ) ;
#250 = ORIENTED_EDGE ( 'NONE', *, *, #874, .T. ) ;
#251 = CYLINDRICAL_SURFACE ( 'NONE', #1194, 45.64309122641954275 ) ;
#252 = FACE_OUTER_BOUND ( 'NONE', #1287, .T. ) ;
#253 = ORIENTED_EDGE ( 'NONE', *, *, #482, .T. ) ;
#254 = CARTESIAN_POINT ( 'NONE',  ( 17.76393202250015335, -10.44949146060770317, 4.000000000000000000 ) ) ;
#255 = PLANE ( 'NONE',  #36 ) ;
#256 = CIRCLE ( 'NONE', #1230, 5.000000000000007994 ) ;
#257 = ADVANCED_FACE ( 'NONE', ( #567 ), #1814, .T. ) ;
#258 = DIRECTION ( 'NONE',  ( -0.000000000000000000, -0.000000000000000000, -1.000000000000000000 ) ) ;
#259 = VECTOR ( 'NONE', #1536, 1000.000000000000000 ) ;
#260 = DIRECTION ( 'NONE',  ( -0.000000000000000000, -0.000000000000000000, -1.000000000000000000 ) ) ;
#261 = ORIENTED_EDGE ( 'NONE', *, *, #791, .T. ) ;
#262 = DIRECTION ( 'NONE',  ( 0.000000000000000000, 0.000000000000000000, 1.000000000000000000 ) ) ;
#263 = DIRECTION ( 'NONE',  ( -3.362441617396929081E-16, 1.000000000000000000, 0.000000000000000000 ) ) ;
#264 = CIRCLE ( 'NONE', #228, 1.600000000000000755 ) ;
#265 = ORIENTED_EDGE ( 'NONE', *, *, #1707, .T. ) ;
#266 = DIRECTION ( 'NONE',  ( -1.000000000000000000, 0.000000000000000000, 0.000000000000000000 ) ) ;
#267 = FACE_OUTER_BOUND ( 'NONE', #1586, .T. ) ;
#268 = VERTEX_POINT ( 'NONE', #1256 ) ;
#269 = DIRECTION ( 'NONE',  ( -1.000000000000000000, 0.000000000000000000, 0.000000000000000000 ) ) ;
#270 = ORIENTED_EDGE ( 'NONE', *, *, #1289, .T. ) ;
#271 = EDGE_CURVE ( 'NONE', #1077, #1415, #970, .T. ) ;
#272 = DIRECTION ( 'NONE',  ( -1.000000000000000000, 0.000000000000000000, 0.000000000000000000 ) ) ;
#273 = DIRECTION ( 'NONE',  ( -1.000000000000000000, 0.000000000000000000, 0.000000000000000000 ) ) ;
#274 = ORIENTED_EDGE ( 'NONE', *, *, #369, .T. ) ;
#275 = CARTESIAN_POINT ( 'NONE',  ( 17.10330683779899630, -10.07027052287531355, 4.007099385404471192 ) ) ;
#276 = DIRECTION ( 'NONE',  ( -1.000000000000000000, 0.000000000000000000, 0.000000000000000000 ) ) ;
#277 = FACE_OUTER_BOUND ( 'NONE', #1247, .T. ) ;
#278 = ORIENTED_EDGE ( 'NONE', *, *, #1024, .F. ) ;
#279 = CARTESIAN_POINT ( 'NONE',  ( 0.000000000000000000, -60.68580725798729247, 4.000000000000000000 ) ) ;
#280 = VERTEX_POINT ( 'NONE', #1088 ) ;
#281 = DIRECTION ( 'NONE',  ( -0.000000000000000000, -0.000000000000000000, -1.000000000000000000 ) ) ;
#282 = EDGE_LOOP ( 'NONE', ( #2297, #2250, #528, #1187 ) ) ;
#283 = DIRECTION ( 'NONE',  ( 0.000000000000000000, 0.000000000000000000, 1.000000000000000000 ) ) ;
#284 = ADVANCED_FACE ( 'NONE', ( #1430 ), #2168, .T. ) ;
#285 = DIRECTION ( 'NONE',  ( -0.000000000000000000, -0.000000000000000000, -1.000000000000000000 ) ) ;
#286 = LINE ( 'NONE', #1559, #1573 ) ;
#287 = ORIENTED_EDGE ( 'NONE', *, *, #2299, .F. ) ;
#288 = AXIS2_PLACEMENT_3D ( 'NONE', #1329, #93, #1689 ) ;
#289 = CARTESIAN_POINT ( 'NONE',  ( 15.81615582064305237, -17.79171828651637099, 4.000000000000000000 ) ) ;
#290 = ORIENTED_EDGE ( 'NONE', *, *, #550, .T. ) ;
#291 = AXIS2_PLACEMENT_3D ( 'NONE', #362, #1800, #1285 ) ;
#292 = DIRECTION ( 'NONE',  ( -1.000000000000000000, 0.000000000000000000, 0.000000000000000000 ) ) ;
#293 = ORIENTED_EDGE ( 'NONE', *, *, #411, .F. ) ;
#294 = CARTESIAN_POINT ( 'NONE',  ( -15.24533110905717415, 5.428287113761925298, 4.655612615523374131 ) ) ;
#295 = AXIS2_PLACEMENT_3D ( 'NONE', #470, #281, #324 ) ;
#296 = AXIS2_PLACEMENT_3D ( 'NONE', #985, #2077, #2067 ) ;
#297 = EDGE_CURVE ( 'NONE', #1224, #224, #1998, .T. ) ;
#298 = AXIS2_PLACEMENT_3D ( 'NONE', #982, #2239, #1885 ) ;
#299 = CIRCLE ( 'NONE', #1615, 1.574999999999987965 ) ;
#300 = CARTESIAN_POINT ( 'NONE',  ( -5.365222358001061769E-13, -9.500000000000000000, -1.734723475976807883E-15 ) ) ;
#301 = VECTOR ( 'NONE', #2305, 1000.000000000000000 ) ;
#302 = CARTESIAN_POINT ( 'NONE',  ( -15.31222719351430861, -17.64098004604367631, 0.000000000000000000 ) ) ;
#303 = VERTEX_POINT ( 'NONE', #205 ) ;
#304 = LINE ( 'NONE', #97, #445 ) ;
#305 = EDGE_LOOP ( 'NONE', ( #679, #1497, #1706, #37 ) ) ;
#306 = CARTESIAN_POINT ( 'NONE',  ( 21.00000000000000000, 3.702041028867286698, 0.000000000000000000 ) ) ;
#307 = VERTEX_POINT ( 'NONE', #171 ) ;
#308 = LINE ( 'NONE', #1567, #1389 ) ;
#309 = EDGE_CURVE ( 'NONE', #638, #1888, #736, .T. ) ;
#310 = DIRECTION ( 'NONE',  ( -1.000000000000000000, 0.000000000000000000, 0.000000000000000000 ) ) ;
#311 = ADVANCED_FACE ( 'NONE', ( #542 ), #356, .F. ) ;
#312 = EDGE_CURVE ( 'NONE', #2283, #1423, #379, .T. ) ;
#313 = ORIENTED_EDGE ( 'NONE', *, *, #1020, .F. ) ;
#314 = DIRECTION ( 'NONE',  ( 0.000000000000000000, 1.000000000000000000, 0.000000000000000000 ) ) ;
#315 = VERTEX_POINT ( 'NONE', #1600 ) ;
#316 = LINE ( 'NONE', #1545, #1768 ) ;
#317 = ORIENTED_EDGE ( 'NONE', *, *, #321, .T. ) ;
#318 = FACE_BOUND ( 'NONE', #825, .T. ) ;
#319 = DIRECTION ( 'NONE',  ( 0.3365758937580424770, 0.9416563426967266004, -0.000000000000000000 ) ) ;
#320 = ORIENTED_EDGE ( 'NONE', *, *, #1929, .T. ) ;
#321 = EDGE_CURVE ( 'NONE', #2142, #1303, #1270, .T. ) ;
#322 = FACE_OUTER_BOUND ( 'NONE', #1259, .T. ) ;
#323 = ORIENTED_EDGE ( 'NONE', *, *, #628, .F. ) ;
#324 = DIRECTION ( 'NONE',  ( -1.000000000000000000, 0.000000000000000000, 0.000000000000000000 ) ) ;
#325 = CLOSED_SHELL ( 'NONE', ( #5, #2279, #1000, #1549, #1807, #684, #2182, #1904, #733, #128, #508, #527, #584, #1143, #1064, #1032, #219, #311, #257, #1050, #1601, #1932, #284, #1174, #1579, #1668, #29, #2120, #988, #1678, #568, #2296, #804, #236, #531, #365, #1374, #1035, #1390, #805, #1970, #486, #2231, #183, #1221, #1875, #958, #232, #91, #2150, #100, #2257, #1412, #213, #426, #2228, #1208, #1894, #718, #931, #969, #117, #1310, #1753, #1337, #1292, #1589, #580, #974, #505, #1977 ) ) ;
#326 = EDGE_CURVE ( 'NONE', #2192, #587, #1722, .T. ) ;
#327 = EDGE_LOOP ( 'NONE', ( #1995, #1827 ) ) ;
#328 = VECTOR ( 'NONE', #616, 1000.000000000000000 ) ;
#329 = CARTESIAN_POINT ( 'NONE',  ( 0.000000000000000000, 0.000000000000000000, 0.000000000000000000 ) ) ;
#330 = LINE ( 'NONE', #2298, #1691 ) ;
#331 = AXIS2_PLACEMENT_3D ( 'NONE', #1272, #190, #1949 ) ;
#332 = CIRCLE ( 'NONE', #519, 2.099999999999987210 ) ;
#333 = DIRECTION ( 'NONE',  ( -0.000000000000000000, -0.000000000000000000, -1.000000000000000000 ) ) ;
#334 = EDGE_LOOP ( 'NONE', ( #1675, #866, #278, #1785, #1066, #476 ) ) ;
#335 = VECTOR ( 'NONE', #682, 1000.000000000000227 ) ;
#336 = CONICAL_SURFACE ( 'NONE', #488, 2.124999999999998224, 0.7853981633976910848 ) ;
#337 = DIRECTION ( 'NONE',  ( -0.000000000000000000, -0.000000000000000000, -1.000000000000000000 ) ) ;
#338 = EDGE_CURVE ( 'NONE', #62, #986, #889, .T. ) ;
#339 = ORIENTED_EDGE ( 'NONE', *, *, #1972, .T. ) ;
#340 = CARTESIAN_POINT ( 'NONE',  ( 19.79999999999998295, 9.580816411546910771, 0.000000000000000000 ) ) ;
#341 = VERTEX_POINT ( 'NONE', #1954 ) ;
#342 = CARTESIAN_POINT ( 'NONE',  ( 18.41987835701897325, -14.92925506250736234, -1.734723475976807883E-15 ) ) ;
#343 = CARTESIAN_POINT ( 'NONE',  ( 18.31712053120981665, -10.68563721909179520, 4.000000000000000000 ) ) ;
#344 = DIRECTION ( 'NONE',  ( -3.409293297311320668E-16, 1.000000000000000000, 0.000000000000000000 ) ) ;
#345 = DIRECTION ( 'NONE',  ( 1.000000000000000000, 0.000000000000000000, 0.000000000000000000 ) ) ;
#346 = VERTEX_POINT ( 'NONE', #1065 ) ;
#347 = LINE ( 'NONE', #1782, #2098 ) ;
#348 = ORIENTED_EDGE ( 'NONE', *, *, #1276, .T. ) ;
#349 = DIRECTION ( 'NONE',  ( -0.000000000000000000, -0.000000000000000000, -1.000000000000000000 ) ) ;
#350 = ORIENTED_EDGE ( 'NONE', *, *, #1117, .T. ) ;
#351 = DIRECTION ( 'NONE',  ( -1.000000000000000000, 0.000000000000000000, 0.000000000000000000 ) ) ;
#352 = CARTESIAN_POINT ( 'NONE',  ( -16.52812030876509652, -9.580374149146919649, 4.061675102471961729 ) ) ;
#353 = EDGE_CURVE ( 'NONE', #1870, #1152, #1480, .T. ) ;
#354 = DIRECTION ( 'NONE',  ( -1.000000000000000000, 0.000000000000000000, 0.000000000000000000 ) ) ;
#355 = EDGE_CURVE ( 'NONE', #2016, #1575, #1987, .T. ) ;
#356 = PLANE ( 'NONE',  #743 ) ;
#357 = EDGE_CURVE ( 'NONE', #1870, #2142, #1118, .T. ) ;
#358 = ORIENTED_EDGE ( 'NONE', *, *, #1170, .T. ) ;
#359 = CARTESIAN_POINT ( 'NONE',  ( -17.49999999999996803, 13.50000000000002132, -1.734723475976807883E-15 ) ) ;
#360 = ORIENTED_EDGE ( 'NONE', *, *, #1631, .T. ) ;
#361 = DIRECTION ( 'NONE',  ( -0.000000000000000000, -0.000000000000000000, -1.000000000000000000 ) ) ;
#362 = CARTESIAN_POINT ( 'NONE',  ( -5.365222358001061769E-13, -9.500000000000000000, -1.734723475976807883E-15 ) ) ;
#363 = CARTESIAN_POINT ( 'NONE',  ( -17.49999999999996803, 13.50000000000002132, -1.734723475976807883E-15 ) ) ;
#364 = DIRECTION ( 'NONE',  ( 1.000000000000000000, 0.000000000000000000, 0.000000000000000000 ) ) ;
#365 = ADVANCED_FACE ( 'NONE', ( #710 ), #747, .F. ) ;
#366 = AXIS2_PLACEMENT_3D ( 'NONE', #1509, #610, #1323 ) ;
#367 = CARTESIAN_POINT ( 'NONE',  ( -20.99999999999999645, 3.702041028867257388, 4.000000000000000000 ) ) ;
#368 = ORIENTED_EDGE ( 'NONE', *, *, #890, .F. ) ;
#369 = EDGE_CURVE ( 'NONE', #663, #1077, #1832, .T. ) ;
#370 = VECTOR ( 'NONE', #740, 1000.000000000000000 ) ;
#371 = AXIS2_PLACEMENT_3D ( 'NONE', #1813, #744, #2181 ) ;
#372 = CARTESIAN_POINT ( 'NONE',  ( -12.50000000000000355, -10.44949146060770673, 10.00000000000000000 ) ) ;
#373 = ORIENTED_EDGE ( 'NONE', *, *, #1879, .F. ) ;
#374 = DIRECTION ( 'NONE',  ( 1.000000000000000000, -3.362441617396929081E-16, 0.000000000000000000 ) ) ;
#375 = DIRECTION ( 'NONE',  ( 1.000000000000000000, 0.000000000000000000, 0.000000000000000000 ) ) ;
#376 = DIRECTION ( 'NONE',  ( -0.000000000000000000, -0.000000000000000000, -1.000000000000000000 ) ) ;
#377 = DIRECTION ( 'NONE',  ( -0.000000000000000000, -0.000000000000000000, -1.000000000000000000 ) ) ;
#378 = EDGE_CURVE ( 'NONE', #107, #1485, #181, .T. ) ;
#379 = LINE ( 'NONE', #761, #1828 ) ;
#380 = ORIENTED_EDGE ( 'NONE', *, *, #312, .T. ) ;
#381 = EDGE_CURVE ( 'NONE', #1120, #184, #2014, .T. ) ;
#382 = EDGE_CURVE ( 'NONE', #1068, #638, #2205, .T. ) ;
#383 = CARTESIAN_POINT ( 'NONE',  ( 20.54487835701897325, -14.92925506250736234, -1.734723475976807883E-15 ) ) ;
#384 = VERTEX_POINT ( 'NONE', #1490 ) ;
#385 = LINE ( 'NONE', #1251, #1572 ) ;
#386 = DIRECTION ( 'NONE',  ( 1.000000000000000000, 0.000000000000000000, 0.000000000000000000 ) ) ;
#387 = DIRECTION ( 'NONE',  ( -1.000000000000000000, 0.000000000000000000, 0.000000000000000000 ) ) ;
#388 = ORIENTED_EDGE ( 'NONE', *, *, #2309, .T. ) ;
#389 = ORIENTED_EDGE ( 'NONE', *, *, #1130, .F. ) ;
#390 = CARTESIAN_POINT ( 'NONE',  ( -7.925000000000274269, 2.684539997709188007E-13, 0.000000000000000000 ) ) ;
#391 = CARTESIAN_POINT ( 'NONE',  ( 0.000000000000000000, 9.500000000000000000, -1.734723475976807883E-15 ) ) ;
#392 = ORIENTED_EDGE ( 'NONE', *, *, #2255, .F. ) ;
#393 = ORIENTED_EDGE ( 'NONE', *, *, #975, .F. ) ;
#394 = DIRECTION ( 'NONE',  ( -0.000000000000000000, -0.000000000000000000, -1.000000000000000000 ) ) ;
#395 = ORIENTED_EDGE ( 'NONE', *, *, #438, .T. ) ;
#396 = EDGE_CURVE ( 'NONE', #499, #1291, #591, .T. ) ;
#397 = CARTESIAN_POINT ( 'NONE',  ( 9.499999999999729994, -2.670977034408631172E-13, 4.000000000000000000 ) ) ;
#398 = CYLINDRICAL_SURFACE ( 'NONE', #1429, 1.574999999999993072 ) ;
#399 = EDGE_CURVE ( 'NONE', #495, #32, #1867, .T. ) ;
#400 = VERTEX_POINT ( 'NONE', #2028 ) ;
#401 = ORIENTED_EDGE ( 'NONE', *, *, #925, .T. ) ;
#402 = DIRECTION ( 'NONE',  ( 1.000000000000000000, 0.000000000000000000, 0.000000000000000000 ) ) ;
#403 = PRODUCT_DEFINITION ( 'BİLİNMEY', '', #1909, #1346 ) ;
#404 = CARTESIAN_POINT ( 'NONE',  ( 17.49999999999996803, 13.50000000000002842, 0.000000000000000000 ) ) ;
#405 = VECTOR ( 'NONE', #1673, 1000.000000000000000 ) ;
#406 = ORIENTED_EDGE ( 'NONE', *, *, #357, .F. ) ;
#407 = DIRECTION ( 'NONE',  ( -1.000000000000000000, 0.000000000000000000, 0.000000000000000000 ) ) ;
#408 = ORIENTED_EDGE ( 'NONE', *, *, #1724, .T. ) ;
#409 = CIRCLE ( 'NONE', #1422, 1.600000000000000755 ) ;
#410 = VECTOR ( 'NONE', #1160, 999.9999999999998863 ) ;
#411 = EDGE_CURVE ( 'NONE', #2304, #2058, #664, .T. ) ;
#412 = CARTESIAN_POINT ( 'NONE',  ( -9.500000000000266454, 2.682611179000530885E-13, 0.02499999999999724665 ) ) ;
#413 = CARTESIAN_POINT ( 'NONE',  ( 17.49999999999996803, 13.50000000000002842, -1.734723475976807883E-15 ) ) ;
#414 = CIRCLE ( 'NONE', #1731, 1.574999999999987965 ) ;
#415 = ORIENTED_EDGE ( 'NONE', *, *, #1044, .F. ) ;
#416 = CIRCLE ( 'NONE', #1280, 6.000000000000000000 ) ;
#417 = CARTESIAN_POINT ( 'NONE',  ( 15.91762315149207474, -8.870197858469373031, 4.209595525756107293 ) ) ;
#418 = CARTESIAN_POINT ( 'NONE',  ( 12.49999999999999645, 8.174176983866860979, 10.00000000000000000 ) ) ;
#419 = DIRECTION ( 'NONE',  ( -1.000000000000000000, 0.000000000000000000, 0.000000000000000000 ) ) ;
#420 = CARTESIAN_POINT ( 'NONE',  ( -9.500000000000266454, 2.682611179000530885E-13, -1.734723475976807883E-15 ) ) ;
#421 = ORIENTED_EDGE ( 'NONE', *, *, #1003, .F. ) ;
#422 = LINE ( 'NONE', #42, #1759 ) ;
#423 = DIRECTION ( 'NONE',  ( 1.000000000000000000, 0.000000000000000000, 0.000000000000000000 ) ) ;
#424 = ORIENTED_EDGE ( 'NONE', *, *, #2020, .T. ) ;
#425 = CARTESIAN_POINT ( 'NONE',  ( 7.924999999999743139, -2.670977034408631172E-13, 0.02499999999999724665 ) ) ;
#426 = ADVANCED_FACE ( 'NONE', ( #817 ), #255, .F. ) ;
#427 = CARTESIAN_POINT ( 'NONE',  ( -22.53325074157380570, -14.30619384669946115, 0.000000000000000000 ) ) ;
#428 = EDGE_CURVE ( 'NONE', #587, #2192, #1568, .T. ) ;
#429 = DIRECTION ( 'NONE',  ( -0.000000000000000000, -0.000000000000000000, -1.000000000000000000 ) ) ;
#430 = DIRECTION ( 'NONE',  ( -1.000000000000000000, 0.000000000000000000, 0.000000000000000000 ) ) ;
#431 = EDGE_LOOP ( 'NONE', ( #1102, #1468, #1936, #2313 ) ) ;
#432 = CARTESIAN_POINT ( 'NONE',  ( 0.000000000000000000, -60.68580725798729247, -1.734723475976807094E-15 ) ) ;
#433 = CARTESIAN_POINT ( 'NONE',  ( -18.41987835701897325, -14.92925506250734813, 0.000000000000000000 ) ) ;
#434 = VERTEX_POINT ( 'NONE', #1134 ) ;
#435 = APPLICATION_CONTEXT ( 'automotive_design' ) ;
#436 = CARTESIAN_POINT ( 'NONE',  ( 22.53325074157381636, -14.30619384669946470, 4.000000000000000000 ) ) ;
#437 = DIRECTION ( 'NONE',  ( -1.000000000000000000, 0.000000000000000000, 0.000000000000000000 ) ) ;
#438 = EDGE_CURVE ( 'NONE', #1485, #203, #957, .T. ) ;
#439 = CONICAL_SURFACE ( 'NONE', #1756, 1.600000000000000755, 0.7853981633977258348 ) ;
#440 = CARTESIAN_POINT ( 'NONE',  ( 18.41987835701897325, -14.92925506250736234, 0.02499999999999724665 ) ) ;
#441 = AXIS2_PLACEMENT_3D ( 'NONE', #2289, #1395, #1550 ) ;
#442 = LINE ( 'NONE', #95, #185 ) ;
#443 = VERTEX_POINT ( 'NONE', #2011 ) ;
#444 = CONICAL_SURFACE ( 'NONE', #223, 1.600000000000000755, 0.7853981633977258348 ) ;
#445 = VECTOR ( 'NONE', #1025, 1000.000000000000000 ) ;
#446 = CYLINDRICAL_SURFACE ( 'NONE', #1009, 5.000000000000000888 ) ;
#447 = VERTEX_POINT ( 'NONE', #795 ) ;
#448 = CARTESIAN_POINT ( 'NONE',  ( -15.13535263884598159, -7.132866670252306029, 4.999999999999999112 ) ) ;
#449 = AXIS2_PLACEMENT_3D ( 'NONE', #1022, #1741, #843 ) ;
#450 = ORIENTED_EDGE ( 'NONE', *, *, #2125, .F. ) ;
#451 = VECTOR ( 'NONE', #966, 1000.000000000000000 ) ;
#452 = FACE_OUTER_BOUND ( 'NONE', #952, .T. ) ;
#453 = AXIS2_PLACEMENT_3D ( 'NONE', #1511, #1298, #1151 ) ;
#454 = DIRECTION ( 'NONE',  ( -0.000000000000000000, -0.000000000000000000, -1.000000000000000000 ) ) ;
#455 = FACE_OUTER_BOUND ( 'NONE', #305, .T. ) ;
#456 = FILL_AREA_STYLE_COLOUR ( '', #640 ) ;
#457 = EDGE_LOOP ( 'NONE', ( #421, #1013, #215, #1563 ) ) ;
#458 = FACE_BOUND ( 'NONE', #973, .T. ) ;
#459 = CARTESIAN_POINT ( 'NONE',  ( 0.000000000000000000, 9.500000000000000000, 0.02499999999999724665 ) ) ;
#460 = ORIENTED_EDGE ( 'NONE', *, *, #1700, .F. ) ;
#461 = APPLICATION_PROTOCOL_DEFINITION ( 'draft international standard', 'automotive_design', 1998, #1717 ) ;
#462 = CARTESIAN_POINT ( 'NONE',  ( 15.37499999999996447, 13.50000000000002842, -1.734723475976807883E-15 ) ) ;
#463 = CARTESIAN_POINT ( 'NONE',  ( 20.54297842284792708, -11.48122481860926136, 4.000000000000000000 ) ) ;
#464 = CARTESIAN_POINT ( 'NONE',  ( 15.04985543881170074, -6.772927501113307436, 5.238756634277264901 ) ) ;
#465 =( LENGTH_UNIT ( ) NAMED_UNIT ( * ) SI_UNIT ( .MILLI., .METRE. ) );
#466 = ORIENTED_EDGE ( 'NONE', *, *, #683, .T. ) ;
#467 = DIRECTION ( 'NONE',  ( 1.000000000000000000, 0.000000000000000000, 0.000000000000000000 ) ) ;
#468 = EDGE_CURVE ( 'NONE', #1224, #447, #67, .T. ) ;
#469 = EDGE_LOOP ( 'NONE', ( #1844, #1168, #1354, #290 ) ) ;
#470 = CARTESIAN_POINT ( 'NONE',  ( -18.41987835701897325, -14.92925506250734813, -1.734723475976807883E-15 ) ) ;
#471 = EDGE_LOOP ( 'NONE', ( #2273, #1070, #2290, #2138, #666, #2111 ) ) ;
#472 = PLANE ( 'NONE',  #1914 ) ;
#473 = FACE_OUTER_BOUND ( 'NONE', #724, .T. ) ;
#474 = AXIS2_PLACEMENT_3D ( 'NONE', #1897, #1539, #2256 ) ;
#475 = SURFACE_STYLE_FILL_AREA ( #1195 ) ;
#476 = ORIENTED_EDGE ( 'NONE', *, *, #399, .F. ) ;
#477 = AXIS2_PLACEMENT_3D ( 'NONE', #1748, #2266, #1370 ) ;
#478 = DIRECTION ( 'NONE',  ( 1.000000000000000000, 3.362441617396929081E-16, -0.000000000000000000 ) ) ;
#479 = ORIENTED_EDGE ( 'NONE', *, *, #2309, .F. ) ;
#480 = VECTOR ( 'NONE', #200, 1000.000000000000000 ) ;
#481 = LINE ( 'NONE', #1357, #864 ) ;
#482 = EDGE_CURVE ( 'NONE', #1681, #1547, #781, .T. ) ;
#483 = ORIENTED_EDGE ( 'NONE', *, *, #834, .F. ) ;
#484 = FACE_BOUND ( 'NONE', #240, .T. ) ;
#485 = AXIS2_PLACEMENT_3D ( 'NONE', #511, #717, #1094 ) ;
#486 = ADVANCED_FACE ( 'NONE', ( #2047 ), #1645, .F. ) ;
#487 = CIRCLE ( 'NONE', #2101, 2.099999999999994316 ) ;
#488 = AXIS2_PLACEMENT_3D ( 'NONE', #192, #2317, #14 ) ;
#489 = CARTESIAN_POINT ( 'NONE',  ( 15.81615582064305237, -17.79171828651637099, 4.000000000000000000 ) ) ;
#490 =( GEOMETRIC_REPRESENTATION_CONTEXT ( 3 ) GLOBAL_UNCERTAINTY_ASSIGNED_CONTEXT ( ( #1328 ) ) GLOBAL_UNIT_ASSIGNED_CONTEXT ( ( #2189, #1227, #2116 ) ) REPRESENTATION_CONTEXT ( 'NONE', 'WORKASPACE' ) );
#491 = ORIENTED_EDGE ( 'NONE', *, *, #1819, .F. ) ;
#492 = DIRECTION ( 'NONE',  ( 1.000000000000000000, 0.000000000000000000, 0.000000000000000000 ) ) ;
#493 = ORIENTED_EDGE ( 'NONE', *, *, #1158, .T. ) ;
#494 = LINE ( 'NONE', #1918, #980 ) ;
#495 = VERTEX_POINT ( 'NONE', #1886 ) ;
#496 = DIRECTION ( 'NONE',  ( -1.000000000000000000, 0.000000000000000000, 0.000000000000000000 ) ) ;
#497 = EDGE_CURVE ( 'NONE', #1518, #2071, #221, .T. ) ;
#498 = DIRECTION ( 'NONE',  ( -1.000000000000000000, 0.000000000000000000, 0.000000000000000000 ) ) ;
#499 = VERTEX_POINT ( 'NONE', #1156 ) ;
#500 = DIRECTION ( 'NONE',  ( 0.000000000000000000, 0.000000000000000000, 1.000000000000000000 ) ) ;
#501 = ORIENTED_EDGE ( 'NONE', *, *, #1190, .F. ) ;
#502 = DIRECTION ( 'NONE',  ( -0.000000000000000000, -0.000000000000000000, -1.000000000000000000 ) ) ;
#503 = EDGE_LOOP ( 'NONE', ( #1685, #176, #1619, #198 ) ) ;
#504 = CARTESIAN_POINT ( 'NONE',  ( -19.80000000000000071, 9.580816411546885902, 0.000000000000000000 ) ) ;
#505 = ADVANCED_FACE ( 'NONE', ( #2038 ), #993, .F. ) ;
#506 = CARTESIAN_POINT ( 'NONE',  ( 14.13327635185282460, -22.50000000000000000, 4.000000000000000000 ) ) ;
#507 = ORIENTED_EDGE ( 'NONE', *, *, #600, .T. ) ;
#508 = ADVANCED_FACE ( 'NONE', ( #2253 ), #1570, .F. ) ;
#509 = CYLINDRICAL_SURFACE ( 'NONE', #2287, 1.574999999999993516 ) ;
#510 = VERTEX_POINT ( 'NONE', #1122 ) ;
#511 = CARTESIAN_POINT ( 'NONE',  ( -5.365222358001061769E-13, -9.500000000000000000, 0.000000000000000000 ) ) ;
#512 = AXIS2_PLACEMENT_3D ( 'NONE', #418, #237, #246 ) ;
#513 = VERTEX_POINT ( 'NONE', #427 ) ;
#514 = AXIS2_PLACEMENT_3D ( 'NONE', #884, #1098, #921 ) ;
#515 = CARTESIAN_POINT ( 'NONE',  ( 15.31222719351432460, -17.64098004604368342, 4.000000000000000000 ) ) ;
#516 = FACE_BOUND ( 'NONE', #654, .T. ) ;
#517 = AXIS2_PLACEMENT_3D ( 'NONE', #2143, #1105, #386 ) ;
#518 = VECTOR ( 'NONE', #1200, 1000.000000000000000 ) ;
#519 = AXIS2_PLACEMENT_3D ( 'NONE', #1705, #618, #2050 ) ;
#520 = DIRECTION ( 'NONE',  ( -0.000000000000000000, -0.000000000000000000, -1.000000000000000000 ) ) ;
#521 = ORIENTED_EDGE ( 'NONE', *, *, #1851, .T. ) ;
#522 = AXIS2_PLACEMENT_3D ( 'NONE', #48, #759, #179 ) ;
#523 = CIRCLE ( 'NONE', #1950, 2.125000000000001776 ) ;
#524 = DIRECTION ( 'NONE',  ( 0.7071067811867437491, 8.659560562357336419E-17, -0.7071067811863512853 ) ) ;
#525 = ORIENTED_EDGE ( 'NONE', *, *, #1972, .F. ) ;
#526 = DIRECTION ( 'NONE',  ( -0.000000000000000000, -0.000000000000000000, -1.000000000000000000 ) ) ;
#527 = ADVANCED_FACE ( 'NONE', ( #626 ), #949, .F. ) ;
#528 = ORIENTED_EDGE ( 'NONE', *, *, #158, .T. ) ;
#529 = DIRECTION ( 'NONE',  ( 0.000000000000000000, 0.000000000000000000, 1.000000000000000000 ) ) ;
#530 = DIRECTION ( 'NONE',  ( 1.000000000000000000, -3.584362867660578560E-16, -1.554469603237588787E-31 ) ) ;
#531 = ADVANCED_FACE ( 'NONE', ( #267 ), #983, .T. ) ;
#532 = CARTESIAN_POINT ( 'NONE',  ( -9.500000000000266454, 2.682611179000530885E-13, 0.02499999999999724665 ) ) ;
#533 = CARTESIAN_POINT ( 'NONE',  ( 12.50000000000000178, -3.816241879896908440, -5.459248015255631436E-16 ) ) ;
#534 = ORIENTED_EDGE ( 'NONE', *, *, #735, .T. ) ;
#535 = LINE ( 'NONE', #1258, #2215 ) ;
#536 = EDGE_LOOP ( 'NONE', ( #1637, #408, #2271, #313 ) ) ;
#537 = DIRECTION ( 'NONE',  ( -1.000000000000000000, 0.000000000000000000, 0.000000000000000000 ) ) ;
#538 = EDGE_CURVE ( 'NONE', #510, #513, #1896, .T. ) ;
#539 = CARTESIAN_POINT ( 'NONE',  ( -20.99999999999999645, 3.702041028867257388, 0.000000000000000000 ) ) ;
#540 = DIRECTION ( 'NONE',  ( -1.000000000000000000, 0.000000000000000000, 0.000000000000000000 ) ) ;
#541 = FACE_OUTER_BOUND ( 'NONE', #1404, .T. ) ;
#542 = FACE_OUTER_BOUND ( 'NONE', #2268, .T. ) ;
#543 = ORIENTED_EDGE ( 'NONE', *, *, #297, .F. ) ;
#544 = DIRECTION ( 'NONE',  ( -0.000000000000000000, -0.000000000000000000, -1.000000000000000000 ) ) ;
#545 = ORIENTED_EDGE ( 'NONE', *, *, #2269, .F. ) ;
#546 = LINE ( 'NONE', #888, #1617 ) ;
#547 = LINE ( 'NONE', #907, #1604 ) ;
#548 = CIRCLE ( 'NONE', #218, 1.574999999999987965 ) ;
#549 = CARTESIAN_POINT ( 'NONE',  ( -15.20969638072849861, -7.445850307998897577, 4.792390141614808030 ) ) ;
#550 = EDGE_CURVE ( 'NONE', #1855, #443, #1181, .T. ) ;
#551 = AXIS2_PLACEMENT_3D ( 'NONE', #104, #1302, #1515 ) ;
#552 = DIRECTION ( 'NONE',  ( -0.000000000000000000, -0.000000000000000000, -1.000000000000000000 ) ) ;
#553 = AXIS2_PLACEMENT_3D ( 'NONE', #2061, #454, #644 ) ;
#554 = EDGE_CURVE ( 'NONE', #1037, #1520, #2017, .T. ) ;
#555 = DIRECTION ( 'NONE',  ( 3.362441617396929081E-16, -1.000000000000000000, 0.000000000000000000 ) ) ;
#556 = ORIENTED_EDGE ( 'NONE', *, *, #655, .F. ) ;
#557 = CONICAL_SURFACE ( 'NONE', #1839, 1.600000000000000755, 0.7853981633977258348 ) ;
#558 = FACE_OUTER_BOUND ( 'NONE', #1919, .T. ) ;
#559 = EDGE_LOOP ( 'NONE', ( #130, #1595, #368, #2123 ) ) ;
#560 = DIRECTION ( 'NONE',  ( 0.7071067811867437491, 8.659560562357336419E-17, -0.7071067811863512853 ) ) ;
#561 = CIRCLE ( 'NONE', #2027, 2.099999999999990763 ) ;
#562 = DIRECTION ( 'NONE',  ( 1.000000000000000000, 0.000000000000000000, 0.000000000000000000 ) ) ;
#563 = LINE ( 'NONE', #1812, #1466 ) ;
#564 = EDGE_LOOP ( 'NONE', ( #1279, #868, #1652, #955 ) ) ;
#565 = VERTEX_POINT ( 'NONE', #1062 ) ;
#566 = DIRECTION ( 'NONE',  ( -0.000000000000000000, -0.000000000000000000, -1.000000000000000000 ) ) ;
#567 = FACE_OUTER_BOUND ( 'NONE', #88, .T. ) ;
#568 = ADVANCED_FACE ( 'NONE', ( #1776 ), #1968, .F. ) ;
#569 = ORIENTED_EDGE ( 'NONE', *, *, #196, .T. ) ;
#570 = ORIENTED_EDGE ( 'NONE', *, *, #1130, .T. ) ;
#571 = CARTESIAN_POINT ( 'NONE',  ( 12.49999999999999645, -1.137657238370422430, 46.01431377447579507 ) ) ;
#572 = ORIENTED_EDGE ( 'NONE', *, *, #2005, .T. ) ;
#573 = CARTESIAN_POINT ( 'NONE',  ( -18.41987835701897325, -14.92925506250734813, 0.02499999999999724665 ) ) ;
#574 = DIRECTION ( 'NONE',  ( -1.000000000000000000, 0.000000000000000000, 0.000000000000000000 ) ) ;
#575 = CARTESIAN_POINT ( 'NONE',  ( -12.49999999999999822, 3.702041028867280481, 4.000000000000000000 ) ) ;
#576 = ORIENTED_EDGE ( 'NONE', *, *, #2109, .F. ) ;
#577 = ORIENTED_EDGE ( 'NONE', *, *, #612, .T. ) ;
#578 = CYLINDRICAL_SURFACE ( 'NONE', #1802, 6.000000000000001776 ) ;
#579 = CARTESIAN_POINT ( 'NONE',  ( -17.49999999999996803, 13.50000000000002132, 4.000000000000000000 ) ) ;
#580 = ADVANCED_FACE ( 'NONE', ( #177 ), #2127, .F. ) ;
#581 = ORIENTED_EDGE ( 'NONE', *, *, #659, .T. ) ;
#582 = LINE ( 'NONE', #2015, #1274 ) ;
#583 = EDGE_LOOP ( 'NONE', ( #989, #358, #1523, #621 ) ) ;
#584 = ADVANCED_FACE ( 'NONE', ( #1240 ), #820, .F. ) ;
#585 = LINE ( 'NONE', #63, #1350 ) ;
#586 = CARTESIAN_POINT ( 'NONE',  ( 17.49999999999996803, 13.50000000000002842, 4.000000000000000000 ) ) ;
#587 = VERTEX_POINT ( 'NONE', #2316 ) ;
#588 = AXIS2_PLACEMENT_3D ( 'NONE', #1362, #1679, #419 ) ;
#589 = CARTESIAN_POINT ( 'NONE',  ( 17.67012887683731748, -7.922940138131050247, 0.000000000000000000 ) ) ;
#590 = AXIS2_PLACEMENT_3D ( 'NONE', #533, #2183, #1440 ) ;
#591 = LINE ( 'NONE', #2240, #259 ) ;
#592 = AXIS2_PLACEMENT_3D ( 'NONE', #720, #1424, #1983 ) ;
#593 = CARTESIAN_POINT ( 'NONE',  ( 15.00000000000000178, -6.388640517225082860, 5.438486664261477088 ) ) ;
#594 = AXIS2_PLACEMENT_3D ( 'NONE', #1421, #526, #1644 ) ;
#595 = CYLINDRICAL_SURFACE ( 'NONE', #2022, 1.574999999999993516 ) ;
#596 = VERTEX_POINT ( 'NONE', #168 ) ;
#597 = VECTOR ( 'NONE', #1729, 1000.000000000000227 ) ;
#598 = VECTOR ( 'NONE', #1109, 1000.000000000000000 ) ;
#599 = DIRECTION ( 'NONE',  ( -0.000000000000000000, -0.000000000000000000, 1.000000000000000000 ) ) ;
#600 = EDGE_CURVE ( 'NONE', #681, #1629, #1048, .T. ) ;
#601 = LINE ( 'NONE', #1309, #1245 ) ;
#602 = CIRCLE ( 'NONE', #1167, 1.574999999999999067 ) ;
#603 = ORIENTED_EDGE ( 'NONE', *, *, #74, .T. ) ;
#604 = AXIS2_PLACEMENT_3D ( 'NONE', #2139, #374, #175 ) ;
#605 = CARTESIAN_POINT ( 'NONE',  ( 16.09434380783936192, 7.173031516662563334, 4.078163738673071137 ) ) ;
#606 = CARTESIAN_POINT ( 'NONE',  ( 17.49999999999996803, 13.50000000000002842, 0.02499999999999724665 ) ) ;
#607 = ORIENTED_EDGE ( 'NONE', *, *, #1952, .F. ) ;
#608 = DIRECTION ( 'NONE',  ( -0.7071067811867437491, 0.000000000000000000, -0.7071067811863512853 ) ) ;
#609 = ORIENTED_EDGE ( 'NONE', *, *, #411, .T. ) ;
#610 = DIRECTION ( 'NONE',  ( -0.000000000000000000, -0.000000000000000000, -1.000000000000000000 ) ) ;
#611 = DIRECTION ( 'NONE',  ( 0.7071067811867193242, 8.659560562357036898E-17, -0.7071067811863758212 ) ) ;
#612 = EDGE_CURVE ( 'NONE', #587, #2227, #547, .T. ) ;
#613 = EDGE_LOOP ( 'NONE', ( #1643, #1721, #109, #534 ) ) ;
#614 = CARTESIAN_POINT ( 'NONE',  ( 17.42191487808881689, -10.27848288840202429, 4.000000000000000000 ) ) ;
#615 = EDGE_CURVE ( 'NONE', #122, #2193, #2210, .T. ) ;
#616 = DIRECTION ( 'NONE',  ( 0.9416563426967258232, 0.3365758937580445309, -0.000000000000000000 ) ) ;
#617 = DIRECTION ( 'NONE',  ( 1.000000000000000000, 3.362441617396929081E-16, -0.000000000000000000 ) ) ;
#618 = DIRECTION ( 'NONE',  ( -0.000000000000000000, -0.000000000000000000, -1.000000000000000000 ) ) ;
#619 = ORIENTED_EDGE ( 'NONE', *, *, #1620, .T. ) ;
#620 = CARTESIAN_POINT ( 'NONE',  ( -22.53325074157381280, -15.93444257402482123, 4.000000000000000000 ) ) ;
#621 = ORIENTED_EDGE ( 'NONE', *, *, #1322, .F. ) ;
#622 = CARTESIAN_POINT ( 'NONE',  ( -16.29487835701897680, -14.92925506250734813, -1.734723475976807883E-15 ) ) ;
#623 = EDGE_LOOP ( 'NONE', ( #2115, #1283, #1387, #1359 ) ) ;
#624 = DIRECTION ( 'NONE',  ( -0.000000000000000000, -0.000000000000000000, -1.000000000000000000 ) ) ;
#625 = EDGE_CURVE ( 'NONE', #447, #2093, #1907, .T. ) ;
#626 = FACE_OUTER_BOUND ( 'NONE', #847, .T. ) ;
#627 = EDGE_CURVE ( 'NONE', #986, #62, #2249, .T. ) ;
#628 = EDGE_CURVE ( 'NONE', #346, #2227, #1006, .T. ) ;
#629 = CIRCLE ( 'NONE', #2012, 2.099999999999987210 ) ;
#630 = CARTESIAN_POINT ( 'NONE',  ( 1.574999999999987965, 9.500000000000000000, 0.02499999999999724665 ) ) ;
#631 = AXIS2_PLACEMENT_3D ( 'NONE', #506, #333, #1056 ) ;
#632 = CYLINDRICAL_SURFACE ( 'NONE', #1385, 2.099999999999994316 ) ;
#633 = ORIENTED_EDGE ( 'NONE', *, *, #309, .F. ) ;
#634 = AXIS2_PLACEMENT_3D ( 'NONE', #86, #1149, #1865 ) ;
#635 = EDGE_CURVE ( 'NONE', #1415, #2196, #1095, .T. ) ;
#636 = VECTOR ( 'NONE', #314, 1000.000000000000000 ) ;
#637 = DIRECTION ( 'NONE',  ( -1.000000000000000000, 0.000000000000000000, 0.000000000000000000 ) ) ;
#638 = VERTEX_POINT ( 'NONE', #1457 ) ;
#639 = CARTESIAN_POINT ( 'NONE',  ( -14.99999999999999467, -6.388640517225117499, 5.438486664261461101 ) ) ;
#640 = COLOUR_RGB ( '',0.7921568627450980005, 0.8196078431372548767, 0.9333333333333333481 ) ;
#641 = EDGE_LOOP ( 'NONE', ( #798, #964, #1773, #930 ) ) ;
#642 = VECTOR ( 'NONE', #1476, 1000.000000000000000 ) ;
#643 = FACE_OUTER_BOUND ( 'NONE', #124, .T. ) ;
#644 = DIRECTION ( 'NONE',  ( -1.000000000000000000, 0.000000000000000000, 0.000000000000000000 ) ) ;
#645 = EDGE_CURVE ( 'NONE', #303, #1441, #180, .T. ) ;
#646 = DIRECTION ( 'NONE',  ( -0.000000000000000000, -0.000000000000000000, -1.000000000000000000 ) ) ;
#647 = VERTEX_POINT ( 'NONE', #515 ) ;
#648 = CARTESIAN_POINT ( 'NONE',  ( 18.31712053120981665, -10.68563721909179520, 0.000000000000000000 ) ) ;
#649 = CARTESIAN_POINT ( 'NONE',  ( 15.00000000000000000, 3.702041028867287586, 5.597283974997632860 ) ) ;
#650 = ORIENTED_EDGE ( 'NONE', *, *, #697, .F. ) ;
#651 = CARTESIAN_POINT ( 'NONE',  ( -15.40177708535686563, 5.866281102302820294, 4.459312901509039584 ) ) ;
#652 = CARTESIAN_POINT ( 'NONE',  ( -14.99999999999999822, -5.977355505608161756, 4.000000000000000000 ) ) ;
#653 = DIRECTION ( 'NONE',  ( -0.000000000000000000, -0.000000000000000000, -1.000000000000000000 ) ) ;
#654 = EDGE_LOOP ( 'NONE', ( #1866, #1112 ) ) ;
#655 = EDGE_CURVE ( 'NONE', #1176, #1893, #1635, .T. ) ;
#656 = CARTESIAN_POINT ( 'NONE',  ( 17.67012887683731748, -7.922940138131050247, 4.000000000000000000 ) ) ;
#657 = ORIENTED_EDGE ( 'NONE', *, *, #428, .T. ) ;
#658 = DIRECTION ( 'NONE',  ( -0.9416563426967256012, -0.3365758937580449195, 0.000000000000000000 ) ) ;
#659 = EDGE_CURVE ( 'NONE', #1650, #1927, #1869, .T. ) ;
#660 = ORIENTED_EDGE ( 'NONE', *, *, #670, .T. ) ;
#661 = CARTESIAN_POINT ( 'NONE',  ( -16.74531948958225414, 7.946383810331474784, 4.000000000000000888 ) ) ;
#662 = FACE_OUTER_BOUND ( 'NONE', #1039, .T. ) ;
#663 = VERTEX_POINT ( 'NONE', #1587 ) ;
#664 = CIRCLE ( 'NONE', #512, 6.000000000000000000 ) ;
#665 = DIRECTION ( 'NONE',  ( 1.000000000000000000, 0.000000000000000000, 0.000000000000000000 ) ) ;
#666 = ORIENTED_EDGE ( 'NONE', *, *, #1883, .T. ) ;
#667 = FACE_OUTER_BOUND ( 'NONE', #141, .T. ) ;
#668 = AXIS2_PLACEMENT_3D ( 'NONE', #2261, #140, #1732 ) ;
#669 = ORIENTED_EDGE ( 'NONE', *, *, #271, .F. ) ;
#670 = EDGE_CURVE ( 'NONE', #57, #268, #147, .T. ) ;
#671 = DIRECTION ( 'NONE',  ( -1.000000000000000000, 0.000000000000000000, 0.000000000000000000 ) ) ;
#672 = AXIS2_PLACEMENT_3D ( 'NONE', #2105, #1752, #1992 ) ;
#673 = CIRCLE ( 'NONE', #938, 1.600000000000000755 ) ;
#674 = CIRCLE ( 'NONE', #298, 6.000000000000000000 ) ;
#675 = AXIS2_PLACEMENT_3D ( 'NONE', #848, #2082, #156 ) ;
#676 = CARTESIAN_POINT ( 'NONE',  ( 22.53325074157381636, -14.30619384669946470, 0.000000000000000000 ) ) ;
#677 = ORIENTED_EDGE ( 'NONE', *, *, #713, .T. ) ;
#678 = CARTESIAN_POINT ( 'NONE',  ( 15.00000000000000178, -1.137657238370421542, 46.01431377447579507 ) ) ;
#679 = ORIENTED_EDGE ( 'NONE', *, *, #196, .F. ) ;
#680 = CARTESIAN_POINT ( 'NONE',  ( -15.04985543881169185, -6.772927501113306548, 5.238756634277264901 ) ) ;
#681 = VERTEX_POINT ( 'NONE', #21 ) ;
#682 = DIRECTION ( 'NONE',  ( 0.9416563426967264894, -0.3365758937580424215, 0.000000000000000000 ) ) ;
#683 = EDGE_CURVE ( 'NONE', #1037, #2071, #1437, .T. ) ;
#684 = ADVANCED_FACE ( 'NONE', ( #1446 ), #1993, .F. ) ;
#685 = DIRECTION ( 'NONE',  ( -0.000000000000000000, -0.000000000000000000, -1.000000000000000000 ) ) ;
#686 = ORIENTED_EDGE ( 'NONE', *, *, #161, .T. ) ;
#687 = PLANE ( 'NONE',  #1197 ) ;
#688 = ORIENTED_EDGE ( 'NONE', *, *, #1654, .F. ) ;
#689 = CYLINDRICAL_SURFACE ( 'NONE', #903, 6.000000000000000000 ) ;
#690 = ORIENTED_EDGE ( 'NONE', *, *, #381, .F. ) ;
#691 = DIRECTION ( 'NONE',  ( -0.000000000000000000, -0.000000000000000000, -1.000000000000000000 ) ) ;
#692 = LINE ( 'NONE', #1557, #1087 ) ;
#693 = CARTESIAN_POINT ( 'NONE',  ( -18.31712053120977401, -10.68563721909179165, 4.000000000000000000 ) ) ;
#694 = DIRECTION ( 'NONE',  ( -1.000000000000000000, 0.000000000000000000, 0.000000000000000000 ) ) ;
#695 = EDGE_CURVE ( 'NONE', #1423, #2151, #1416, .T. ) ;
#696 = ORIENTED_EDGE ( 'NONE', *, *, #1089, .T. ) ;
#697 = EDGE_CURVE ( 'NONE', #443, #810, #962, .T. ) ;
#698 = CARTESIAN_POINT ( 'NONE',  ( 18.31712053120981665, -10.68563721909179520, 4.000000000000000000 ) ) ;
#699 = ORIENTED_EDGE ( 'NONE', *, *, #1634, .F. ) ;
#700 = CARTESIAN_POINT ( 'NONE',  ( 18.52352306029965945, -18.75941160211499437, 4.000000000000000000 ) ) ;
#701 = VECTOR ( 'NONE', #1502, 1000.000000000000000 ) ;
#702 = EDGE_LOOP ( 'NONE', ( #320, #493 ) ) ;
#703 = CIRCLE ( 'NONE', #857, 40.70576098207487803 ) ;
#704 = DIRECTION ( 'NONE',  ( 1.000000000000000000, 0.000000000000000000, 0.000000000000000000 ) ) ;
#705 = CARTESIAN_POINT ( 'NONE',  ( -1.574999999999987965, 9.500000000000000000, 0.02499999999999724665 ) ) ;
#706 = AXIS2_PLACEMENT_3D ( 'NONE', #1585, #361, #1774 ) ;
#707 = AXIS2_PLACEMENT_3D ( 'NONE', #571, #923, #61 ) ;
#708 = CARTESIAN_POINT ( 'NONE',  ( 11.07499999999971863, -2.669048215699974049E-13, 0.02499999999999724665 ) ) ;
#709 = AXIS2_PLACEMENT_3D ( 'NONE', #1463, #2010, #402 ) ;
#710 = FACE_OUTER_BOUND ( 'NONE', #1342, .T. ) ;
#711 = ORIENTED_EDGE ( 'NONE', *, *, #787, .T. ) ;
#712 = VECTOR ( 'NONE', #552, 1000.000000000000000 ) ;
#713 = EDGE_CURVE ( 'NONE', #513, #2159, #422, .T. ) ;
#714 = VECTOR ( 'NONE', #1935, 1000.000000000000000 ) ;
#715 = DIRECTION ( 'NONE',  ( 1.000000000000000000, 3.362441617396929081E-16, -0.000000000000000000 ) ) ;
#716 = ORIENTED_EDGE ( 'NONE', *, *, #1192, .T. ) ;
#717 = DIRECTION ( 'NONE',  ( -0.000000000000000000, -0.000000000000000000, -1.000000000000000000 ) ) ;
#718 = ADVANCED_FACE ( 'NONE', ( #1486 ), #251, .F. ) ;
#719 = PRODUCT ( 'top_plate_alternative_2', 'top_plate_alternative_2', '', ( #1179 ) ) ;
#720 = CARTESIAN_POINT ( 'NONE',  ( -17.49999999999996803, 13.50000000000002132, 0.02499999999999724665 ) ) ;
#721 = CARTESIAN_POINT ( 'NONE',  ( 14.99999999999999822, 17.50000000000000355, 4.000000000000000000 ) ) ;
#722 = DIRECTION ( 'NONE',  ( 2.891205793294677833E-16, -1.000000000000000000, 0.000000000000000000 ) ) ;
#723 = DIRECTION ( 'NONE',  ( -1.000000000000000000, 0.000000000000000000, 0.000000000000000000 ) ) ;
#724 = EDGE_LOOP ( 'NONE', ( #2036, #1079, #1849, #1711 ) ) ;
#725 = CARTESIAN_POINT ( 'NONE',  ( 9.499999999999729994, -2.670977034408631172E-13, -1.734723475976807883E-15 ) ) ;
#726 = EDGE_CURVE ( 'NONE', #1931, #1744, #1835, .T. ) ;
#727 = VERTEX_POINT ( 'NONE', #2053 ) ;
#728 = CARTESIAN_POINT ( 'NONE',  ( -15.81615582064305237, -17.79171828651637099, 0.000000000000000000 ) ) ;
#729 = EDGE_CURVE ( 'NONE', #1838, #1575, #703, .T. ) ;
#730 = DIRECTION ( 'NONE',  ( -0.000000000000000000, -0.000000000000000000, -1.000000000000000000 ) ) ;
#731 = EDGE_CURVE ( 'NONE', #107, #1368, #1157, .T. ) ;
#732 = CARTESIAN_POINT ( 'NONE',  ( -15.13535263884598159, -7.132866670252306029, 4.999999999999999112 ) ) ;
#733 = ADVANCED_FACE ( 'NONE', ( #76 ), #444, .F. ) ;
#734 = DIRECTION ( 'NONE',  ( 1.000000000000000000, 0.000000000000000000, 0.000000000000000000 ) ) ;
#735 = EDGE_CURVE ( 'NONE', #1485, #1372, #1456, .T. ) ;
#736 = LINE ( 'NONE', #24, #2169 ) ;
#737 = EDGE_LOOP ( 'NONE', ( #1891, #543, #17, #261 ) ) ;
#738 = FACE_OUTER_BOUND ( 'NONE', #1578, .T. ) ;
#739 = VERTEX_POINT ( 'NONE', #1682 ) ;
#740 = DIRECTION ( 'NONE',  ( -0.000000000000000000, -0.000000000000000000, -1.000000000000000000 ) ) ;
#741 = CARTESIAN_POINT ( 'NONE',  ( -12.50000000000000178, -7.132866670252307806, 4.999999999999999112 ) ) ;
#742 = DIRECTION ( 'NONE',  ( -0.7071067811867193242, 0.000000000000000000, -0.7071067811863758212 ) ) ;
#743 = AXIS2_PLACEMENT_3D ( 'NONE', #35, #1656, #555 ) ;
#744 = DIRECTION ( 'NONE',  ( -0.000000000000000000, -0.000000000000000000, -1.000000000000000000 ) ) ;
#745 = AXIS2_PLACEMENT_3D ( 'NONE', #2235, #1697, #1856 ) ;
#746 = EDGE_CURVE ( 'NONE', #808, #1989, #55, .T. ) ;
#747 = PLANE ( 'NONE',  #1045 ) ;
#748 = CIRCLE ( 'NONE', #936, 10.00000000000000178 ) ;
#749 = ORIENTED_EDGE ( 'NONE', *, *, #2108, .T. ) ;
#750 = ORIENTED_EDGE ( 'NONE', *, *, #635, .T. ) ;
#751 = AXIS2_PLACEMENT_3D ( 'NONE', #1438, #1969, #757 ) ;
#752 = CARTESIAN_POINT ( 'NONE',  ( -19.80000000000000071, 9.580816411546885902, 4.000000000000000000 ) ) ;
#753 = ORIENTED_EDGE ( 'NONE', *, *, #683, .F. ) ;
#754 = CARTESIAN_POINT ( 'NONE',  ( 16.31987835701897893, -14.92925506250736234, 0.000000000000000000 ) ) ;
#755 = VECTOR ( 'NONE', #658, 1000.000000000000227 ) ;
#756 = DIRECTION ( 'NONE',  ( -1.000000000000000000, 0.000000000000000000, 0.000000000000000000 ) ) ;
#757 = DIRECTION ( 'NONE',  ( -1.000000000000000000, 0.000000000000000000, 0.000000000000000000 ) ) ;
#758 = ORIENTED_EDGE ( 'NONE', *, *, #1696, .T. ) ;
#759 = DIRECTION ( 'NONE',  ( -0.000000000000000000, -0.000000000000000000, -1.000000000000000000 ) ) ;
#760 = EDGE_CURVE ( 'NONE', #1423, #384, #585, .T. ) ;
#761 = CARTESIAN_POINT ( 'NONE',  ( 18.99999999999996092, 17.50000000000006395, 4.000000000000000000 ) ) ;
#762 = EDGE_LOOP ( 'NONE', ( #922, #932 ) ) ;
#763 = ORIENTED_EDGE ( 'NONE', *, *, #1464, .T. ) ;
#764 = CARTESIAN_POINT ( 'NONE',  ( 15.13535263884598869, -7.132866670252307806, 5.000000000000000000 ) ) ;
#765 = ORIENTED_EDGE ( 'NONE', *, *, #1666, .T. ) ;
#766 = DIRECTION ( 'NONE',  ( -0.000000000000000000, -0.000000000000000000, -1.000000000000000000 ) ) ;
#767 = DIRECTION ( 'NONE',  ( -0.000000000000000000, -0.000000000000000000, -1.000000000000000000 ) ) ;
#768 = VERTEX_POINT ( 'NONE', #2042 ) ;
#769 = CARTESIAN_POINT ( 'NONE',  ( 15.29818036339246845, 5.576553502326766498, 4.589042324474906565 ) ) ;
#770 = DIRECTION ( 'NONE',  ( -0.000000000000000000, -0.000000000000000000, -1.000000000000000000 ) ) ;
#771 = EDGE_CURVE ( 'NONE', #565, #384, #1646, .T. ) ;
#772 = ORIENTED_EDGE ( 'NONE', *, *, #791, .F. ) ;
#773 = CARTESIAN_POINT ( 'NONE',  ( -20.51987835701896046, -14.92925506250734813, 0.02499999999999724665 ) ) ;
#774 = ORIENTED_EDGE ( 'NONE', *, *, #482, .F. ) ;
#775 = EDGE_CURVE ( 'NONE', #778, #1959, #1940, .T. ) ;
#776 = DIRECTION ( 'NONE',  ( 0.000000000000000000, 0.000000000000000000, -1.000000000000000000 ) ) ;
#777 = DIRECTION ( 'NONE',  ( -1.000000000000000000, 0.000000000000000000, 0.000000000000000000 ) ) ;
#778 = VERTEX_POINT ( 'NONE', #1297 ) ;
#779 = CARTESIAN_POINT ( 'NONE',  ( 15.31708808037375036, -7.764593177659818046, 4.623014536480336112 ) ) ;
#780 = AXIS2_PLACEMENT_3D ( 'NONE', #391, #1805, #723 ) ;
#781 = LINE ( 'NONE', #1338, #701 ) ;
#782 = AXIS2_PLACEMENT_3D ( 'NONE', #1933, #1763, #1630 ) ;
#783 = DIRECTION ( 'NONE',  ( 0.000000000000000000, 0.000000000000000000, 1.000000000000000000 ) ) ;
#784 = VECTOR ( 'NONE', #1474, 1000.000000000000000 ) ;
#785 = CARTESIAN_POINT ( 'NONE',  ( -23.00000000000002487, 13.49999999999999467, 4.000000000000000000 ) ) ;
#786 = ORIENTED_EDGE ( 'NONE', *, *, #1861, .F. ) ;
#787 = EDGE_CURVE ( 'NONE', #768, #638, #2173, .T. ) ;
#788 = AXIS2_PLACEMENT_3D ( 'NONE', #1499, #624, #947 ) ;
#789 = DIRECTION ( 'NONE',  ( -0.000000000000000000, -1.000000000000000000, -0.000000000000000000 ) ) ;
#790 = CARTESIAN_POINT ( 'NONE',  ( -11.10000000000026787, 2.682611179000530885E-13, -1.734723475976807883E-15 ) ) ;
#791 = EDGE_CURVE ( 'NONE', #280, #2159, #2190, .T. ) ;
#792 = VECTOR ( 'NONE', #2213, 1000.000000000000000 ) ;
#793 = ORIENTED_EDGE ( 'NONE', *, *, #2083, .F. ) ;
#794 = LINE ( 'NONE', #1871, #451 ) ;
#795 = CARTESIAN_POINT ( 'NONE',  ( -15.81615582064305237, -17.79171828651637099, 4.000000000000000000 ) ) ;
#796 = FACE_OUTER_BOUND ( 'NONE', #1226, .T. ) ;
#797 = DIRECTION ( 'NONE',  ( 0.000000000000000000, 0.000000000000000000, 1.000000000000000000 ) ) ;
#798 = ORIENTED_EDGE ( 'NONE', *, *, #49, .F. ) ;
#799 = EDGE_CURVE ( 'NONE', #1029, #681, #229, .T. ) ;
#800 = DIRECTION ( 'NONE',  ( -1.000000000000000000, -1.734723475976807489E-15, 0.000000000000000000 ) ) ;
#801 = EDGE_LOOP ( 'NONE', ( #1204, #2260, #388, #942 ) ) ;
#802 = CARTESIAN_POINT ( 'NONE',  ( -20.54297842284794484, -11.48122481860928978, 0.000000000000000000 ) ) ;
#803 = EDGE_LOOP ( 'NONE', ( #1494, #660, #2100, #572 ) ) ;
#804 = ADVANCED_FACE ( 'NONE', ( #926 ), #446, .F. ) ;
#805 = ADVANCED_FACE ( 'NONE', ( #1647, #241, #1397, #1708, #1718, #1164, #1356, #1543, #458 ), #824, .T. ) ;
#806 = CARTESIAN_POINT ( 'NONE',  ( -17.49999999999996803, 13.50000000000002132, 0.000000000000000000 ) ) ;
#807 = CARTESIAN_POINT ( 'NONE',  ( -9.500000000000266454, 2.682611179000530885E-13, -1.734723475976807883E-15 ) ) ;
#808 = VERTEX_POINT ( 'NONE', #1036 ) ;
#809 = SURFACE_SIDE_STYLE ('',( #475 ) ) ;
#810 = VERTEX_POINT ( 'NONE', #648 ) ;
#811 = DIRECTION ( 'NONE',  ( 0.9416563426967264894, -0.3365758937580424215, 0.000000000000000000 ) ) ;
#812 = ORIENTED_EDGE ( 'NONE', *, *, #1880, .T. ) ;
#813 = CARTESIAN_POINT ( 'NONE',  ( -17.67012887683727485, -7.922940138131037813, 4.000000000000000000 ) ) ;
#814 = ORIENTED_EDGE ( 'NONE', *, *, #1778, .T. ) ;
#815 = CARTESIAN_POINT ( 'NONE',  ( -12.50000000000000178, -5.977355505608125341, 5.597283974997634637 ) ) ;
#816 = EDGE_CURVE ( 'NONE', #1760, #1640, #148, .T. ) ;
#817 = FACE_OUTER_BOUND ( 'NONE', #471, .T. ) ;
#818 = AXIS2_PLACEMENT_3D ( 'NONE', #579, #50, #345 ) ;
#819 = PLANE ( 'NONE',  #474 ) ;
#820 = CONICAL_SURFACE ( 'NONE', #291, 1.600000000000000755, 0.7853981633977258348 ) ;
#821 = CARTESIAN_POINT ( 'NONE',  ( 17.49999999999996803, 13.50000000000002842, -1.734723475976807883E-15 ) ) ;
#822 = ORIENTED_EDGE ( 'NONE', *, *, #726, .T. ) ;
#823 = CONICAL_SURFACE ( 'NONE', #112, 2.125000000000001776, 0.7853981633977258348 ) ;
#824 = PLANE ( 'NONE',  #668 ) ;
#825 = EDGE_LOOP ( 'NONE', ( #1941, #2188 ) ) ;
#826 = CARTESIAN_POINT ( 'NONE',  ( -14.99999999999999645, -5.977355505608126229, 5.597283974997625755 ) ) ;
#827 = VECTOR ( 'NONE', #23, 999.9999999999998863 ) ;
#828 = ORIENTED_EDGE ( 'NONE', *, *, #655, .T. ) ;
#829 = CIRCLE ( 'NONE', #118, 2.999999999999988898 ) ;
#830 = DIRECTION ( 'NONE',  ( -0.000000000000000000, -0.000000000000000000, -1.000000000000000000 ) ) ;
#831 = AXIS2_PLACEMENT_3D ( 'NONE', #2043, #1683, #990 ) ;
#832 = EDGE_CURVE ( 'NONE', #2058, #495, #304, .T. ) ;
#833 = DIRECTION ( 'NONE',  ( -0.000000000000000000, -0.000000000000000000, -1.000000000000000000 ) ) ;
#834 = EDGE_CURVE ( 'NONE', #2159, #224, #1942, .T. ) ;
#835 = DIRECTION ( 'NONE',  ( 0.7071067811867437491, 8.659560562357336419E-17, -0.7071067811863512853 ) ) ;
#836 = ORIENTED_EDGE ( 'NONE', *, *, #948, .F. ) ;
#837 = DIRECTION ( 'NONE',  ( -0.000000000000000000, -0.000000000000000000, -1.000000000000000000 ) ) ;
#838 = VERTEX_POINT ( 'NONE', #123 ) ;
#839 = LINE ( 'NONE', #2272, #120 ) ;
#840 = ORIENTED_EDGE ( 'NONE', *, *, #161, .F. ) ;
#841 = CARTESIAN_POINT ( 'NONE',  ( -16.08997837010775811, 7.167006547697557295, 4.079119273544410618 ) ) ;
#842 = CARTESIAN_POINT ( 'NONE',  ( -5.365222358001061769E-13, -9.500000000000000000, 0.02499999999999724665 ) ) ;
#843 = DIRECTION ( 'NONE',  ( -1.000000000000000000, 0.000000000000000000, 0.000000000000000000 ) ) ;
#844 = ORIENTED_EDGE ( 'NONE', *, *, #1883, .F. ) ;
#845 = EDGE_CURVE ( 'NONE', #1415, #72, #1761, .T. ) ;
#846 = CARTESIAN_POINT ( 'NONE',  ( 17.67012887683731748, -7.922940138131050247, 4.000000000000000000 ) ) ;
#847 = EDGE_LOOP ( 'NONE', ( #1250, #1775, #711, #1917 ) ) ;
#848 = CARTESIAN_POINT ( 'NONE',  ( 12.50000000000000355, -10.44949146060770673, 10.00000000000000000 ) ) ;
#849 = ORIENTED_EDGE ( 'NONE', *, *, #1, .F. ) ;
#850 = CARTESIAN_POINT ( 'NONE',  ( -19.53325074157381991, -15.93444257402482123, 4.000000000000000000 ) ) ;
#851 = DIRECTION ( 'NONE',  ( -1.000000000000000000, 0.000000000000000000, 0.000000000000000000 ) ) ;
#852 = ORIENTED_EDGE ( 'NONE', *, *, #338, .F. ) ;
#853 = AXIS2_PLACEMENT_3D ( 'NONE', #1076, #1963, #194 ) ;
#854 = DIRECTION ( 'NONE',  ( 0.000000000000000000, 0.000000000000000000, 1.000000000000000000 ) ) ;
#855 = EDGE_CURVE ( 'NONE', #1152, #647, #748, .T. ) ;
#856 = VERTEX_POINT ( 'NONE', #1175 ) ;
#857 = AXIS2_PLACEMENT_3D ( 'NONE', #2201, #2006, #1475 ) ;
#858 = DIRECTION ( 'NONE',  ( -1.000000000000000000, -3.584362867660578560E-16, -1.554469603237588787E-31 ) ) ;
#859 = ORIENTED_EDGE ( 'NONE', *, *, #890, .T. ) ;
#860 = EDGE_CURVE ( 'NONE', #1152, #727, #1649, .T. ) ;
#861 = FACE_OUTER_BOUND ( 'NONE', #1201, .T. ) ;
#862 = CIRCLE ( 'NONE', #449, 3.000000000000002665 ) ;
#863 = VECTOR ( 'NONE', #1286, 1000.000000000000000 ) ;
#864 = VECTOR ( 'NONE', #2114, 1000.000000000000000 ) ;
#865 = CARTESIAN_POINT ( 'NONE',  ( 7.899999999999730349, -2.670977034408631172E-13, -1.734723475976807883E-15 ) ) ;
#866 = ORIENTED_EDGE ( 'NONE', *, *, #2048, .T. ) ;
#867 = CARTESIAN_POINT ( 'NONE',  ( -7.900000000000265921, 2.684570613879166748E-13, -1.734723475976807883E-15 ) ) ;
#868 = ORIENTED_EDGE ( 'NONE', *, *, #1044, .T. ) ;
#869 = CARTESIAN_POINT ( 'NONE',  ( -15.31222719351430861, -17.64098004604367631, 4.000000000000000000 ) ) ;
#870 = EDGE_CURVE ( 'NONE', #1822, #72, #1553, .T. ) ;
#871 = ORIENTED_EDGE ( 'NONE', *, *, #357, .T. ) ;
#872 = DIRECTION ( 'NONE',  ( -0.000000000000000000, -0.000000000000000000, -1.000000000000000000 ) ) ;
#873 = DIRECTION ( 'NONE',  ( 1.000000000000000000, -3.362441617396929081E-16, 0.000000000000000000 ) ) ;
#874 = EDGE_CURVE ( 'NONE', #596, #1303, #116, .T. ) ;
#875 = CARTESIAN_POINT ( 'NONE',  ( 15.37499999999996447, 13.50000000000002842, -1.734723475976807883E-15 ) ) ;
#876 = ORIENTED_EDGE ( 'NONE', *, *, #2000, .F. ) ;
#877 = CYLINDRICAL_SURFACE ( 'NONE', #782, 1.574999999999993072 ) ;
#878 = ORIENTED_EDGE ( 'NONE', *, *, #1145, .T. ) ;
#879 = CARTESIAN_POINT ( 'NONE',  ( -12.49999999999999645, 8.174176983866860979, 10.00000000000000000 ) ) ;
#880 = ORIENTED_EDGE ( 'NONE', *, *, #103, .F. ) ;
#881 = DIRECTION ( 'NONE',  ( -1.000000000000000000, 3.362441617396929081E-16, 0.000000000000000000 ) ) ;
#882 = DIRECTION ( 'NONE',  ( 0.000000000000000000, 0.000000000000000000, 1.000000000000000000 ) ) ;
#883 = CARTESIAN_POINT ( 'NONE',  ( -18.41987835701897325, -14.92925506250734813, -1.734723475976807883E-15 ) ) ;
#884 = CARTESIAN_POINT ( 'NONE',  ( 0.000000000000000000, -60.68580725798729247, -1.734723475976807094E-15 ) ) ;
#885 = ORIENTED_EDGE ( 'NONE', *, *, #1470, .F. ) ;
#886 = FACE_OUTER_BOUND ( 'NONE', #564, .T. ) ;
#887 = ORIENTED_EDGE ( 'NONE', *, *, #211, .T. ) ;
#888 = CARTESIAN_POINT ( 'NONE',  ( 12.50000000000000178, -7.132866670252306918, 4.999999999999999112 ) ) ;
#889 = CIRCLE ( 'NONE', #780, 1.600000000000000755 ) ;
#890 = EDGE_CURVE ( 'NONE', #1382, #2084, #131, .T. ) ;
#891 = VERTEX_POINT ( 'NONE', #1012 ) ;
#892 = VECTOR ( 'NONE', #2225, 999.9999999999998863 ) ;
#893 = CARTESIAN_POINT ( 'NONE',  ( -14.13327635185282460, -22.50000000000000000, 4.000000000000000000 ) ) ;
#894 = CARTESIAN_POINT ( 'NONE',  ( -9.500000000000266454, 2.682611179000530885E-13, -1.734723475976807883E-15 ) ) ;
#895 = CIRCLE ( 'NONE', #2060, 1.574999999999987965 ) ;
#896 = AXIS2_PLACEMENT_3D ( 'NONE', #1958, #349, #537 ) ;
#897 = CARTESIAN_POINT ( 'NONE',  ( 19.53325074157381991, -15.93444257402482123, 4.000000000000000000 ) ) ;
#898 = CIRCLE ( 'NONE', #44, 10.00000000000000178 ) ;
#899 = EDGE_CURVE ( 'NONE', #1368, #1372, #1889, .T. ) ;
#900 = CARTESIAN_POINT ( 'NONE',  ( 7.924999999999737810, -2.670977034408631172E-13, 0.000000000000000000 ) ) ;
#901 = EDGE_LOOP ( 'NONE', ( #491, #749, #981, #1257 ) ) ;
#902 = AXIS2_PLACEMENT_3D ( 'NONE', #56, #1140, #1848 ) ;
#903 = AXIS2_PLACEMENT_3D ( 'NONE', #1784, #1454, #1633 ) ;
#904 = CARTESIAN_POINT ( 'NONE',  ( 0.000000000000000000, 9.500000000000000000, 0.000000000000000000 ) ) ;
#905 = VERTEX_POINT ( 'NONE', #997 ) ;
#906 = DIRECTION ( 'NONE',  ( 1.000000000000000000, 0.000000000000000000, 0.000000000000000000 ) ) ;
#907 = CARTESIAN_POINT ( 'NONE',  ( -19.59999999999996234, 13.50000000000002132, 0.000000000000000000 ) ) ;
#908 = DIRECTION ( 'NONE',  ( -1.000000000000000000, 0.000000000000000000, 0.000000000000000000 ) ) ;
#909 = CARTESIAN_POINT ( 'NONE',  ( 15.00000000000000355, -5.977355505608115571, 5.597283974997625755 ) ) ;
#910 = CARTESIAN_POINT ( 'NONE',  ( -18.52352306029968432, -18.75941160211500147, 4.000000000000000000 ) ) ;
#911 = ORIENTED_EDGE ( 'NONE', *, *, #2083, .T. ) ;
#912 = CARTESIAN_POINT ( 'NONE',  ( 15.81615582064305237, -17.79171828651637099, 4.000000000000000000 ) ) ;
#913 = VERTEX_POINT ( 'NONE', #1373 ) ;
#914 = FACE_OUTER_BOUND ( 'NONE', #1792, .T. ) ;
#915 = EDGE_CURVE ( 'NONE', #315, #1291, #895, .T. ) ;
#916 = DIRECTION ( 'NONE',  ( -0.000000000000000000, -0.000000000000000000, -1.000000000000000000 ) ) ;
#917 = CARTESIAN_POINT ( 'NONE',  ( -17.76393202250013914, -10.44949146060770495, 4.000000000000000000 ) ) ;
#918 = EDGE_LOOP ( 'NONE', ( #1566, #373, #998, #1698 ) ) ;
#919 = CARTESIAN_POINT ( 'NONE',  ( -1.575000000000529976, -9.500000000000000000, 0.000000000000000000 ) ) ;
#920 = UNCERTAINTY_MEASURE_WITH_UNIT (LENGTH_MEASURE( 1.000000000000000082E-05 ), #465, 'distance_accuracy_value', 'NONE');
#921 = DIRECTION ( 'NONE',  ( -1.000000000000000000, 0.000000000000000000, 0.000000000000000000 ) ) ;
#922 = ORIENTED_EDGE ( 'NONE', *, *, #1402, .F. ) ;
#923 = DIRECTION ( 'NONE',  ( 1.000000000000000000, 3.584362867660578560E-16, 1.554469603237588787E-31 ) ) ;
#924 = ORIENTED_EDGE ( 'NONE', *, *, #760, .T. ) ;
#925 = EDGE_CURVE ( 'NONE', #1547, #216, #2270, .T. ) ;
#926 = FACE_OUTER_BOUND ( 'NONE', #536, .T. ) ;
#927 = AXIS2_PLACEMENT_3D ( 'NONE', #1516, #994, #1714 ) ;
#928 = CARTESIAN_POINT ( 'NONE',  ( -16.26613042003313936, -9.308107657284315550, 4.107945137458982821 ) ) ;
#929 = AXIS2_PLACEMENT_3D ( 'NONE', #2275, #1728, #119 ) ;
#930 = ORIENTED_EDGE ( 'NONE', *, *, #2209, .T. ) ;
#931 = ADVANCED_FACE ( 'NONE', ( #1750 ), #1916, .T. ) ;
#932 = ORIENTED_EDGE ( 'NONE', *, *, #1436, .F. ) ;
#933 = DIRECTION ( 'NONE',  ( -1.000000000000000000, -3.362441617396929081E-16, 0.000000000000000000 ) ) ;
#934 = AXIS2_PLACEMENT_3D ( 'NONE', #1624, #2176, #562 ) ;
#935 = DIRECTION ( 'NONE',  ( -2.891205793294678326E-16, 1.000000000000000000, 0.000000000000000000 ) ) ;
#936 = AXIS2_PLACEMENT_3D ( 'NONE', #656, #1900, #492 ) ;
#937 = ORIENTED_EDGE ( 'NONE', *, *, #1696, .F. ) ;
#938 = AXIS2_PLACEMENT_3D ( 'NONE', #2031, #1670, #430 ) ;
#939 = ORIENTED_EDGE ( 'NONE', *, *, #538, .T. ) ;
#940 = CIRCLE ( 'NONE', #6, 5.000000000000000888 ) ;
#941 = DIRECTION ( 'NONE',  ( 1.000000000000000000, 1.734723475976807489E-15, 0.000000000000000000 ) ) ;
#942 = ORIENTED_EDGE ( 'NONE', *, *, #1, .T. ) ;
#943 = CIRCLE ( 'NONE', #1055, 4.000000000000023981 ) ;
#944 = CARTESIAN_POINT ( 'NONE',  ( 18.31712053120981665, -10.68563721909179520, 0.000000000000000000 ) ) ;
#945 = DIRECTION ( 'NONE',  ( -1.000000000000000000, 0.000000000000000000, 0.000000000000000000 ) ) ;
#946 = VERTEX_POINT ( 'NONE', #1386 ) ;
#947 = DIRECTION ( 'NONE',  ( -1.000000000000000000, 0.000000000000000000, 0.000000000000000000 ) ) ;
#948 = EDGE_CURVE ( 'NONE', #1959, #216, #1213, .T. ) ;
#949 = CYLINDRICAL_SURFACE ( 'NONE', #1081, 1.574999999999993072 ) ;
#950 = FACE_OUTER_BOUND ( 'NONE', #1607, .T. ) ;
#951 = LINE ( 'NONE', #1845, #2062 ) ;
#952 = EDGE_LOOP ( 'NONE', ( #657, #25, #1749, #96 ) ) ;
#953 = DIRECTION ( 'NONE',  ( 1.000000000000000000, 0.000000000000000000, 0.000000000000000000 ) ) ;
#954 = CARTESIAN_POINT ( 'NONE',  ( 19.62499999999996803, 13.50000000000002842, -1.734723475976807883E-15 ) ) ;
#955 = ORIENTED_EDGE ( 'NONE', *, *, #1620, .F. ) ;
#956 = CARTESIAN_POINT ( 'NONE',  ( 18.41987835701897325, -14.92925506250736234, -1.734723475976807883E-15 ) ) ;
#957 = LINE ( 'NONE', #1677, #1347 ) ;
#958 = ADVANCED_FACE ( 'NONE', ( #2293 ), #509, .F. ) ;
#959 = PLANE ( 'NONE',  #927 ) ;
#960 = DIRECTION ( 'NONE',  ( -1.000000000000000000, 0.000000000000000000, 0.000000000000000000 ) ) ;
#961 = ORIENTED_EDGE ( 'NONE', *, *, #369, .F. ) ;
#962 = LINE ( 'NONE', #944, #892 ) ;
#963 = CARTESIAN_POINT ( 'NONE',  ( 22.53325074157381991, -15.93444257402482123, 0.000000000000000000 ) ) ;
#964 = ORIENTED_EDGE ( 'NONE', *, *, #1378, .F. ) ;
#965 = VECTOR ( 'NONE', #1770, 1000.000000000000114 ) ;
#966 = DIRECTION ( 'NONE',  ( -0.000000000000000000, -0.000000000000000000, -1.000000000000000000 ) ) ;
#967 = VECTOR ( 'NONE', #1265, 1000.000000000000000 ) ;
#968 = CARTESIAN_POINT ( 'NONE',  ( -12.50000000000000000, 4.535933897141635496E-15, 2.331704404856383356E-30 ) ) ;
#969 = ADVANCED_FACE ( 'NONE', ( #322 ), #1956, .T. ) ;
#970 = LINE ( 'NONE', #1467, #1757 ) ;
#971 = CIRCLE ( 'NONE', #1321, 1.600000000000000755 ) ;
#972 = CARTESIAN_POINT ( 'NONE',  ( -5.365222358001061769E-13, -9.500000000000000000, 4.000000000000000000 ) ) ;
#973 = EDGE_LOOP ( 'NONE', ( #1571, #758 ) ) ;
#974 = ADVANCED_FACE ( 'NONE', ( #1978 ), #1383, .F. ) ;
#975 = EDGE_CURVE ( 'NONE', #1176, #1931, #2252, .T. ) ;
#976 = AXIS2_PLACEMENT_3D ( 'NONE', #850, #830, #671 ) ;
#977 = DIRECTION ( 'NONE',  ( -0.000000000000000000, -0.000000000000000000, -1.000000000000000000 ) ) ;
#978 = VERTEX_POINT ( 'NONE', #1078 ) ;
#979 = LINE ( 'NONE', #1334, #1803 ) ;
#980 = VECTOR ( 'NONE', #1902, 1000.000000000000000 ) ;
#981 = ORIENTED_EDGE ( 'NONE', *, *, #695, .F. ) ;
#982 = CARTESIAN_POINT ( 'NONE',  ( -12.50000000000000000, 1.540927403156063358, -1.188798674451244641E-15 ) ) ;
#983 = CYLINDRICAL_SURFACE ( 'NONE', #553, 3.000000000000002665 ) ;
#984 = DIRECTION ( 'NONE',  ( -0.000000000000000000, -0.000000000000000000, -1.000000000000000000 ) ) ;
#985 = CARTESIAN_POINT ( 'NONE',  ( -12.50000000000000355, -10.44949146060770673, 10.00000000000000000 ) ) ;
#986 = VERTEX_POINT ( 'NONE', #1442 ) ;
#987 = DIRECTION ( 'NONE',  ( 1.000000000000000000, 0.000000000000000000, 0.000000000000000000 ) ) ;
#988 = ADVANCED_FACE ( 'NONE', ( #738 ), #687, .F. ) ;
#989 = ORIENTED_EDGE ( 'NONE', *, *, #1232, .F. ) ;
#990 = DIRECTION ( 'NONE',  ( -1.000000000000000000, 0.000000000000000000, 0.000000000000000000 ) ) ;
#991 = ORIENTED_EDGE ( 'NONE', *, *, #103, .T. ) ;
#992 = CARTESIAN_POINT ( 'NONE',  ( 15.13959923701708732, 4.996556080442099201, 4.907795252530016583 ) ) ;
#993 = CYLINDRICAL_SURFACE ( 'NONE', #2057, 2.099999999999992539 ) ;
#994 = DIRECTION ( 'NONE',  ( 1.000000000000000000, 3.584362867660578560E-16, 1.554469603237588787E-31 ) ) ;
#995 = DIRECTION ( 'NONE',  ( 0.000000000000000000, 0.000000000000000000, 1.000000000000000000 ) ) ;
#996 = ORIENTED_EDGE ( 'NONE', *, *, #538, .F. ) ;
#997 = CARTESIAN_POINT ( 'NONE',  ( 1.599999999999464295, -9.500000000000000000, -1.734723475976807883E-15 ) ) ;
#998 = ORIENTED_EDGE ( 'NONE', *, *, #468, .F. ) ;
#999 = CARTESIAN_POINT ( 'NONE',  ( -14.49450931879815663, -17.40531539028170016, -1.734723475976807094E-15 ) ) ;
#1000 = ADVANCED_FACE ( 'NONE', ( #197 ), #823, .F. ) ;
#1001 = EDGE_LOOP ( 'NONE', ( #525, #1530, #2184, #581 ) ) ;
#1002 = CARTESIAN_POINT ( 'NONE',  ( 17.76393202250015335, -10.44949146060770317, 4.000000000000000000 ) ) ;
#1003 = EDGE_CURVE ( 'NONE', #768, #978, #1418, .T. ) ;
#1004 = AXIS2_PLACEMENT_3D ( 'NONE', #489, #319, #1939 ) ;
#1005 = CARTESIAN_POINT ( 'NONE',  ( 18.41987835701897325, -14.92925506250736234, -1.734723475976807883E-15 ) ) ;
#1006 = CIRCLE ( 'NONE', #592, 2.099999999999987210 ) ;
#1007 = PRESENTATION_STYLE_ASSIGNMENT (( #106 ) ) ;
#1008 = ORIENTED_EDGE ( 'NONE', *, *, #2020, .F. ) ;
#1009 = AXIS2_PLACEMENT_3D ( 'NONE', #2212, #1847, #1820 ) ;
#1010 = CIRCLE ( 'NONE', #706, 1.574999999999987965 ) ;
#1011 = CIRCLE ( 'NONE', #2175, 2.999999999999988898 ) ;
#1012 = CARTESIAN_POINT ( 'NONE',  ( 20.51987835701896756, -14.92925506250736234, 4.000000000000000000 ) ) ;
#1013 = ORIENTED_EDGE ( 'NONE', *, *, #1417, .F. ) ;
#1014 = LINE ( 'NONE', #1555, #714 ) ;
#1015 = VECTOR ( 'NONE', #1665, 1000.000000000000000 ) ;
#1016 = ORIENTED_EDGE ( 'NONE', *, *, #948, .T. ) ;
#1017 = VECTOR ( 'NONE', #742, 999.9999999999998863 ) ;
#1018 = FACE_BOUND ( 'NONE', #327, .T. ) ;
#1019 = CIRCLE ( 'NONE', #2102, 10.00000000000000000 ) ;
#1020 = EDGE_CURVE ( 'NONE', #1382, #1431, #1046, .T. ) ;
#1021 = LINE ( 'NONE', #875, #965 ) ;
#1022 = CARTESIAN_POINT ( 'NONE',  ( -19.53325074157381991, -15.93444257402482123, 4.000000000000000000 ) ) ;
#1023 = ORIENTED_EDGE ( 'NONE', *, *, #2094, .T. ) ;
#1024 = EDGE_CURVE ( 'NONE', #739, #72, #187, .T. ) ;
#1025 = DIRECTION ( 'NONE',  ( 1.000000000000000000, 3.362441617396929081E-16, -0.000000000000000000 ) ) ;
#1026 = ORIENTED_EDGE ( 'NONE', *, *, #625, .T. ) ;
#1027 = CARTESIAN_POINT ( 'NONE',  ( 19.59999999999995524, 13.50000000000002842, 0.02499999999999724665 ) ) ;
#1028 = B_SPLINE_CURVE_WITH_KNOTS ( 'NONE', 3,
 ( #1564, #2091, #111, #649 ),
 .UNSPECIFIED., .F., .F.,
 ( 4, 4 ),
 ( 0.000000000000000000, 0.001305591679758277271 ),
 .UNSPECIFIED. ) ;
#1029 = VERTEX_POINT ( 'NONE', #164 ) ;
#1030 = SHAPE_DEFINITION_REPRESENTATION ( #1432, #1281 ) ;
#1031 = CYLINDRICAL_SURFACE ( 'NONE', #1874, 5.000000000000007994 ) ;
#1032 = ADVANCED_FACE ( 'NONE', ( #1592 ), #877, .F. ) ;
#1033 = LINE ( 'NONE', #652, #1153 ) ;
#1034 = ORIENTED_EDGE ( 'NONE', *, *, #1605, .T. ) ;
#1035 = ADVANCED_FACE ( 'NONE', ( #2312 ), #26, .F. ) ;
#1036 = CARTESIAN_POINT ( 'NONE',  ( -20.54297842284794484, -11.48122481860928978, 4.000000000000000000 ) ) ;
#1037 = VERTEX_POINT ( 'NONE', #1248 ) ;
#1038 = DIRECTION ( 'NONE',  ( -0.000000000000000000, -0.000000000000000000, -1.000000000000000000 ) ) ;
#1039 = EDGE_LOOP ( 'NONE', ( #501, #1090, #1736, #424 ) ) ;
#1040 = FACE_BOUND ( 'NONE', #2104, .T. ) ;
#1041 = CARTESIAN_POINT ( 'NONE',  ( -14.99999999999999822, -1.137657238370431756, 46.01431377447579507 ) ) ;
#1042 = VECTOR ( 'NONE', #1403, 1000.000000000000000 ) ;
#1043 = EDGE_LOOP ( 'NONE', ( #753, #1593, #2311, #1925 ) ) ;
#1044 = EDGE_CURVE ( 'NONE', #1029, #1838, #347, .T. ) ;
#1045 = AXIS2_PLACEMENT_3D ( 'NONE', #2147, #1618, #16 ) ;
#1046 = LINE ( 'NONE', #912, #1796 ) ;
#1047 = ORIENTED_EDGE ( 'NONE', *, *, #1459, .F. ) ;
#1048 = CIRCLE ( 'NONE', #1725, 6.000000000000000000 ) ;
#1049 = DIRECTION ( 'NONE',  ( 1.000000000000000000, 0.000000000000000000, 0.000000000000000000 ) ) ;
#1050 = ADVANCED_FACE ( 'NONE', ( #886 ), #7, .T. ) ;
#1051 = EDGE_CURVE ( 'NONE', #307, #1733, #535, .T. ) ;
#1052 = ORIENTED_EDGE ( 'NONE', *, *, #1634, .T. ) ;
#1053 = FACE_OUTER_BOUND ( 'NONE', #206, .T. ) ;
#1054 = AXIS2_PLACEMENT_3D ( 'NONE', #972, #2040, #960 ) ;
#1055 = AXIS2_PLACEMENT_3D ( 'NONE', #1882, #77, #2226 ) ;
#1056 = DIRECTION ( 'NONE',  ( -1.000000000000000000, 0.000000000000000000, 0.000000000000000000 ) ) ;
#1057 = ORIENTED_EDGE ( 'NONE', *, *, #2118, .F. ) ;
#1058 = DIRECTION ( 'NONE',  ( -0.000000000000000000, -0.000000000000000000, 1.000000000000000000 ) ) ;
#1059 = ORIENTED_EDGE ( 'NONE', *, *, #1289, .F. ) ;
#1060 = CARTESIAN_POINT ( 'NONE',  ( -1.575000000000535527, -9.500000000000000000, 4.000000000000000000 ) ) ;
#1061 = ORIENTED_EDGE ( 'NONE', *, *, #2046, .T. ) ;
#1062 = CARTESIAN_POINT ( 'NONE',  ( -23.00000000000002487, 13.49999999999999467, 0.000000000000000000 ) ) ;
#1063 = CARTESIAN_POINT ( 'NONE',  ( 18.99999999999996803, 13.50000000000002842, 4.000000000000000000 ) ) ;
#1064 = ADVANCED_FACE ( 'NONE', ( #18 ), #557, .F. ) ;
#1065 = CARTESIAN_POINT ( 'NONE',  ( -15.39999999999997904, 13.50000000000002132, 0.02499999999999724665 ) ) ;
#1066 = ORIENTED_EDGE ( 'NONE', *, *, #2108, .F. ) ;
#1067 = DIRECTION ( 'NONE',  ( -1.000000000000000000, 0.000000000000000000, 0.000000000000000000 ) ) ;
#1068 = VERTEX_POINT ( 'NONE', #1092 ) ;
#1069 = CARTESIAN_POINT ( 'NONE',  ( 20.51987835701896756, -14.92925506250736234, 0.000000000000000000 ) ) ;
#1070 = ORIENTED_EDGE ( 'NONE', *, *, #729, .T. ) ;
#1071 = CARTESIAN_POINT ( 'NONE',  ( -15.81615582064305237, -17.79171828651637099, 4.000000000000000000 ) ) ;
#1072 = CARTESIAN_POINT ( 'NONE',  ( -1.600000000000537215, -9.500000000000000000, -1.734723475976807883E-15 ) ) ;
#1073 = EDGE_CURVE ( 'NONE', #2192, #346, #951, .T. ) ;
#1074 = DIRECTION ( 'NONE',  ( -0.000000000000000000, -0.000000000000000000, -1.000000000000000000 ) ) ;
#1075 = EDGE_CURVE ( 'NONE', #808, #510, #1011, .T. ) ;
#1076 = CARTESIAN_POINT ( 'NONE',  ( 18.99999999999996803, 13.50000000000002842, 0.000000000000000000 ) ) ;
#1077 = VERTEX_POINT ( 'NONE', #1493 ) ;
#1078 = CARTESIAN_POINT ( 'NONE',  ( -7.900000000000265921, 2.684570613879166748E-13, -1.734723475976807883E-15 ) ) ;
#1079 = ORIENTED_EDGE ( 'NONE', *, *, #2209, .F. ) ;
#1080 = CARTESIAN_POINT ( 'NONE',  ( 15.00000000000000355, -5.977355505608128006, 0.000000000000000000 ) ) ;
#1081 = AXIS2_PLACEMENT_3D ( 'NONE', #59, #1144, #1872 ) ;
#1082 = DIRECTION ( 'NONE',  ( -0.000000000000000000, -0.000000000000000000, -1.000000000000000000 ) ) ;
#1083 = CARTESIAN_POINT ( 'NONE',  ( -12.50000000000001421, 3.702041028867278261, 5.597283974997632860 ) ) ;
#1084 = AXIS2_PLACEMENT_3D ( 'NONE', #1743, #2103, #987 ) ;
#1085 = AXIS2_PLACEMENT_3D ( 'NONE', #1854, #260, #71 ) ;
#1086 = CARTESIAN_POINT ( 'NONE',  ( 12.49999999999999822, 4.857552193511462058, 4.999999999999999112 ) ) ;
#1087 = VECTOR ( 'NONE', #873, 1000.000000000000000 ) ;
#1088 = CARTESIAN_POINT ( 'NONE',  ( -22.53325074157381280, -15.93444257402482123, 4.000000000000000000 ) ) ;
#1089 = EDGE_CURVE ( 'NONE', #1077, #1822, #2136, .T. ) ;
#1090 = ORIENTED_EDGE ( 'NONE', *, *, #1133, .T. ) ;
#1091 = CIRCLE ( 'NONE', #81, 2.099999999999987210 ) ;
#1092 = CARTESIAN_POINT ( 'NONE',  ( -11.07500000000026574, 2.682611179000530885E-13, 4.000000000000000000 ) ) ;
#1093 = VERTEX_POINT ( 'NONE', #764 ) ;
#1094 = DIRECTION ( 'NONE',  ( -1.000000000000000000, 0.000000000000000000, 0.000000000000000000 ) ) ;
#1095 = LINE ( 'NONE', #159, #2132 ) ;
#1096 = CARTESIAN_POINT ( 'NONE',  ( -15.54127483131258636, -8.246943381834194398, 4.416166659990079069 ) ) ;
#1097 = DIRECTION ( 'NONE',  ( 1.000000000000000000, 0.000000000000000000, 0.000000000000000000 ) ) ;
#1098 = DIRECTION ( 'NONE',  ( 0.000000000000000000, 0.000000000000000000, 1.000000000000000000 ) ) ;
#1099 = ORIENTED_EDGE ( 'NONE', *, *, #468, .T. ) ;
#1100 = EDGE_CURVE ( 'NONE', #510, #280, #1642, .T. ) ;
#1101 = FACE_OUTER_BOUND ( 'NONE', #163, .T. ) ;
#1102 = ORIENTED_EDGE ( 'NONE', *, *, #1465, .F. ) ;
#1103 = LINE ( 'NONE', #1069, #13 ) ;
#1104 = EDGE_CURVE ( 'NONE', #1888, #978, #673, .T. ) ;
#1105 = DIRECTION ( 'NONE',  ( 0.000000000000000000, 0.000000000000000000, 1.000000000000000000 ) ) ;
#1106 = CARTESIAN_POINT ( 'NONE',  ( -15.81608650294969998, -8.721115638586280028, 4.251973366465596094 ) ) ;
#1107 = EDGE_LOOP ( 'NONE', ( #323, #686, #1979, #2315 ) ) ;
#1108 = VERTEX_POINT ( 'NONE', #1680 ) ;
#1109 = DIRECTION ( 'NONE',  ( -0.000000000000000000, -0.000000000000000000, -1.000000000000000000 ) ) ;
#1110 = DIRECTION ( 'NONE',  ( 1.000000000000000000, 3.469446951953614189E-15, 0.000000000000000000 ) ) ;
#1111 = ORIENTED_EDGE ( 'NONE', *, *, #855, .F. ) ;
#1112 = ORIENTED_EDGE ( 'NONE', *, *, #1218, .F. ) ;
#1113 = DIRECTION ( 'NONE',  ( 0.7071067811867193242, 8.659560562357036898E-17, -0.7071067811863758212 ) ) ;
#1114 = VERTEX_POINT ( 'NONE', #773 ) ;
#1115 = VECTOR ( 'NONE', #646, 1000.000000000000000 ) ;
#1116 = CARTESIAN_POINT ( 'NONE',  ( -20.54297842284794484, -11.48122481860928978, 4.000000000000000000 ) ) ;
#1117 = EDGE_CURVE ( 'NONE', #203, #400, #264, .T. ) ;
#1118 = CIRCLE ( 'NONE', #514, 45.64309122641954275 ) ;
#1119 = DIRECTION ( 'NONE',  ( -1.000000000000000000, 0.000000000000000000, 0.000000000000000000 ) ) ;
#1120 = VERTEX_POINT ( 'NONE', #752 ) ;
#1121 = DIRECTION ( 'NONE',  ( -0.000000000000000000, -0.000000000000000000, -1.000000000000000000 ) ) ;
#1122 = CARTESIAN_POINT ( 'NONE',  ( -22.53325074157380570, -14.30619384669946115, 4.000000000000000000 ) ) ;
#1123 = ORIENTED_EDGE ( 'NONE', *, *, #1561, .F. ) ;
#1124 = AXIS2_PLACEMENT_3D ( 'NONE', #1479, #1616, #1788 ) ;
#1125 = DIRECTION ( 'NONE',  ( -0.000000000000000000, -0.000000000000000000, -1.000000000000000000 ) ) ;
#1126 = ORIENTED_EDGE ( 'NONE', *, *, #49, .T. ) ;
#1127 = CIRCLE ( 'NONE', #675, 6.000000000000000000 ) ;
#1128 = CARTESIAN_POINT ( 'NONE',  ( -14.99999999999999822, 3.702041028867257388, 4.000000000000000000 ) ) ;
#1129 = CARTESIAN_POINT ( 'NONE',  ( -12.50000000000000355, -10.44949146060770673, 4.000000000000000000 ) ) ;
#1130 = EDGE_CURVE ( 'NONE', #978, #1888, #409, .T. ) ;
#1131 = ORIENTED_EDGE ( 'NONE', *, *, #695, .T. ) ;
#1132 = DIRECTION ( 'NONE',  ( 1.000000000000000000, 0.000000000000000000, 0.000000000000000000 ) ) ;
#1133 = EDGE_CURVE ( 'NONE', #1165, #565, #2187, .T. ) ;
#1134 = CARTESIAN_POINT ( 'NONE',  ( -15.37499999999996625, 13.50000000000002132, -1.734723475976807883E-15 ) ) ;
#1135 = B_SPLINE_CURVE_WITH_KNOTS ( 'NONE', 3,
 ( #1401, #1755, #1580, #1588, #352, #928, #1951, #1648, #1106, #1447, #1096, #1984, #549, #732 ),
 .UNSPECIFIED., .F., .F.,
 ( 4, 2, 2, 2, 2, 2, 4 ),
 ( 0.000000000000000000, 0.001133022284962904424, 0.001699533427444354684, 0.002266044569925805378, 0.002832555712407256072, 0.003399066854888705899, 0.004532089139851604685 ),
 .UNSPECIFIED. ) ;
#1136 = ORIENTED_EDGE ( 'NONE', *, *, #1322, .T. ) ;
#1137 = CARTESIAN_POINT ( 'NONE',  ( -23.00000000000002487, 13.49999999999999467, 4.000000000000000000 ) ) ;
#1138 = ORIENTED_EDGE ( 'NONE', *, *, #1075, .T. ) ;
#1139 = DIRECTION ( 'NONE',  ( -0.000000000000000000, -0.000000000000000000, -1.000000000000000000 ) ) ;
#1140 = DIRECTION ( 'NONE',  ( -0.000000000000000000, -0.000000000000000000, -1.000000000000000000 ) ) ;
#1141 = EDGE_LOOP ( 'NONE', ( #521, #763 ) ) ;
#1142 = CARTESIAN_POINT ( 'NONE',  ( 15.25167795107812907, 5.428110951329466971, 4.662733191965592106 ) ) ;
#1143 = ADVANCED_FACE ( 'NONE', ( #1294 ), #595, .F. ) ;
#1144 = DIRECTION ( 'NONE',  ( -0.000000000000000000, -0.000000000000000000, -1.000000000000000000 ) ) ;
#1145 = EDGE_CURVE ( 'NONE', #1184, #307, #149, .T. ) ;
#1146 = CYLINDRICAL_SURFACE ( 'NONE', #2282, 1.574999999999993516 ) ;
#1147 = DIRECTION ( 'NONE',  ( -0.000000000000000000, -0.000000000000000000, -1.000000000000000000 ) ) ;
#1148 = ORIENTED_EDGE ( 'NONE', *, *, #816, .F. ) ;
#1149 = DIRECTION ( 'NONE',  ( -0.000000000000000000, -0.000000000000000000, -1.000000000000000000 ) ) ;
#1150 = EDGE_LOOP ( 'NONE', ( #1754, #1344, #2243, #2170 ) ) ;
#1151 = DIRECTION ( 'NONE',  ( -2.891205793294678326E-16, -1.000000000000000000, 0.000000000000000000 ) ) ;
#1152 = VERTEX_POINT ( 'NONE', #249 ) ;
#1153 = VECTOR ( 'NONE', #833, 1000.000000000000000 ) ;
#1154 = CYLINDRICAL_SURFACE ( 'NONE', #1504, 2.099999999999994316 ) ;
#1155 = AXIS2_PLACEMENT_3D ( 'NONE', #367, #2158, #1348 ) ;
#1156 = CARTESIAN_POINT ( 'NONE',  ( 1.574999999999462608, -9.500000000000000000, 4.000000000000000000 ) ) ;
#1157 = CIRCLE ( 'NONE', #1684, 1.574999999999999956 ) ;
#1158 = EDGE_CURVE ( 'NONE', #499, #2246, #1727, .T. ) ;
#1159 = CARTESIAN_POINT ( 'NONE',  ( -1.600000000000000755, 9.500000000000000000, -1.734723475976807883E-15 ) ) ;
#1160 = DIRECTION ( 'NONE',  ( -0.9416563426967269335, 0.3365758937580416443, -0.000000000000000000 ) ) ;
#1161 = ORIENTED_EDGE ( 'NONE', *, *, #1491, .F. ) ;
#1162 = STYLED_ITEM ( 'NONE', ( #1007 ), #1212 ) ;
#1163 = CIRCLE ( 'NONE', #2063, 1.574999999999999956 ) ;
#1164 = FACE_BOUND ( 'NONE', #1560, .T. ) ;
#1165 = VERTEX_POINT ( 'NONE', #785 ) ;
#1166 = DIRECTION ( 'NONE',  ( 1.000000000000000000, 0.000000000000000000, 0.000000000000000000 ) ) ;
#1167 = AXIS2_PLACEMENT_3D ( 'NONE', #242, #767, #1119 ) ;
#1168 = ORIENTED_EDGE ( 'NONE', *, *, #1498, .F. ) ;
#1169 = LINE ( 'NONE', #1180, #1015 ) ;
#1170 = EDGE_CURVE ( 'NONE', #1108, #303, #1694, .T. ) ;
#1171 = DIRECTION ( 'NONE',  ( -1.000000000000000000, 0.000000000000000000, 0.000000000000000000 ) ) ;
#1172 = LINE ( 'NONE', #1492, #1115 ) ;
#1173 = ORIENTED_EDGE ( 'NONE', *, *, #2197, .F. ) ;
#1174 = ADVANCED_FACE ( 'NONE', ( #1101 ), #1829, .F. ) ;
#1175 = CARTESIAN_POINT ( 'NONE',  ( 15.11231845728875633, 4.857552193511462946, 5.000000000000000000 ) ) ;
#1176 = VERTEX_POINT ( 'NONE', #1331 ) ;
#1177 = DIRECTION ( 'NONE',  ( -1.000000000000000000, 0.000000000000000000, 0.000000000000000000 ) ) ;
#1178 = VERTEX_POINT ( 'NONE', #2199 ) ;
#1179 = PRODUCT_CONTEXT ( 'NONE', #435, 'mechanical' ) ;
#1180 = CARTESIAN_POINT ( 'NONE',  ( 15.39999999999997371, 13.50000000000002842, 0.000000000000000000 ) ) ;
#1181 = LINE ( 'NONE', #463, #480 ) ;
#1182 = CARTESIAN_POINT ( 'NONE',  ( 15.13535263884598869, -7.132866670252307806, 5.000000000000000000 ) ) ;
#1183 = DIRECTION ( 'NONE',  ( -0.000000000000000000, -0.000000000000000000, -1.000000000000000000 ) ) ;
#1184 = VERTEX_POINT ( 'NONE', #1304 ) ;
#1185 = DIRECTION ( 'NONE',  ( 3.409293297311320668E-16, -1.000000000000000000, 0.000000000000000000 ) ) ;
#1186 = DIRECTION ( 'NONE',  ( -0.000000000000000000, -0.000000000000000000, -1.000000000000000000 ) ) ;
#1187 = ORIENTED_EDGE ( 'NONE', *, *, #1445, .F. ) ;
#1188 = EDGE_CURVE ( 'NONE', #1640, #946, #582, .T. ) ;
#1189 = CARTESIAN_POINT ( 'NONE',  ( -15.11231845728875989, 4.857552193511463834, 4.999999999999999112 ) ) ;
#1190 = EDGE_CURVE ( 'NONE', #1165, #1120, #1355, .T. ) ;
#1191 = CONICAL_SURFACE ( 'NONE', #477, 1.600000000000000755, 0.7853981633977258348 ) ;
#1192 = EDGE_CURVE ( 'NONE', #315, #1830, #2222, .T. ) ;
#1193 = CYLINDRICAL_SURFACE ( 'NONE', #929, 6.000000000000000000 ) ;
#1194 = AXIS2_PLACEMENT_3D ( 'NONE', #432, #599, #953 ) ;
#1195 = FILL_AREA_STYLE ('',( #456 ) ) ;
#1196 = ORIENTED_EDGE ( 'NONE', *, *, #1481, .T. ) ;
#1197 = AXIS2_PLACEMENT_3D ( 'NONE', #1452, #1223, #1808 ) ;
#1198 = CIRCLE ( 'NONE', #1981, 6.000000000000000000 ) ;
#1199 = MECHANICAL_DESIGN_GEOMETRIC_PRESENTATION_REPRESENTATION (  '', ( #1162 ), #1461 ) ;
#1200 = DIRECTION ( 'NONE',  ( -0.000000000000000000, -0.000000000000000000, -1.000000000000000000 ) ) ;
#1201 = EDGE_LOOP ( 'NONE', ( #265, #1659, #174, #1252, #155, #85 ) ) ;
#1202 = CARTESIAN_POINT ( 'NONE',  ( 18.52352306029965945, -18.75941160211499437, 4.000000000000000000 ) ) ;
#1203 = CONICAL_SURFACE ( 'NONE', #186, 2.124999999999998224, 0.7853981633976910848 ) ;
#1204 = ORIENTED_EDGE ( 'NONE', *, *, #2185, .F. ) ;
#1205 = B_SPLINE_CURVE_WITH_KNOTS ( 'NONE', 3,
 ( #1692, #2065, #1339, #2039 ),
 .UNSPECIFIED., .F., .F.,
 ( 4, 4 ),
 ( 2.256807905702833137E-17, 0.001305591679758309146 ),
 .UNSPECIFIED. ) ;
#1206 = CIRCLE ( 'NONE', #1658, 1.574999999999998179 ) ;
#1207 = DIRECTION ( 'NONE',  ( -0.000000000000000000, -0.000000000000000000, -1.000000000000000000 ) ) ;
#1208 = ADVANCED_FACE ( 'NONE', ( #558 ), #1282, .F. ) ;
#1209 = B_SPLINE_CURVE_WITH_KNOTS ( 'NONE', 3,
 ( #217, #1653, #779, #92, #1712, #1489, #417, #1859, #58, #275, #614, #254 ),
 .UNSPECIFIED., .F., .F.,
 ( 4, 2, 2, 2, 2, 4 ),
 ( 0.001534120763891191983, 0.002666507443952748947, 0.003232700783983529814, 0.003798894124014310682, 0.004931280804075878488, 0.006063667484137445426 ),
 .UNSPECIFIED. ) ;
#1210 = DIRECTION ( 'NONE',  ( -0.000000000000000000, -0.000000000000000000, -1.000000000000000000 ) ) ;
#1211 = EDGE_LOOP ( 'NONE', ( #450, #2203, #716, #1434 ) ) ;
#1212 = MANIFOLD_SOLID_BREP ( 'M4 Helisarmal i\X2\00e7\X0\in Z\X2\0131\X0\vana matkab\X2\0131\X0\3', #325 ) ;
#1213 = LINE ( 'NONE', #1924, #636 ) ;
#1214 = EDGE_LOOP ( 'NONE', ( #1934, #2148, #395, #350 ) ) ;
#1215 = DIRECTION ( 'NONE',  ( 0.000000000000000000, 0.000000000000000000, 1.000000000000000000 ) ) ;
#1216 = ORIENTED_EDGE ( 'NONE', *, *, #1349, .T. ) ;
#1217 = LINE ( 'NONE', #1928, #335 ) ;
#1218 = EDGE_CURVE ( 'NONE', #1976, #1483, #1426, .T. ) ;
#1219 = CARTESIAN_POINT ( 'NONE',  ( -12.49999999999999645, 8.174176983866860979, 4.000000000000000000 ) ) ;
#1220 = EDGE_CURVE ( 'NONE', #57, #222, #286, .T. ) ;
#1221 = ADVANCED_FACE ( 'NONE', ( #1877 ), #2233, .F. ) ;
#1222 = ORIENTED_EDGE ( 'NONE', *, *, #855, .T. ) ;
#1223 = DIRECTION ( 'NONE',  ( 1.000000000000000000, 0.000000000000000000, 0.000000000000000000 ) ) ;
#1224 = VERTEX_POINT ( 'NONE', #1517 ) ;
#1225 = DIRECTION ( 'NONE',  ( -2.891205793294678326E-16, 1.000000000000000000, -1.598721155460225418E-14 ) ) ;
#1226 = EDGE_LOOP ( 'NONE', ( #2200, #1300, #415, #1853 ) ) ;
#1227 =( NAMED_UNIT ( * ) PLANE_ANGLE_UNIT ( ) SI_UNIT ( $, .RADIAN. ) );
#1228 = CARTESIAN_POINT ( 'NONE',  ( -17.00000000000002842, 8.174176983866864532, 4.000000000000000000 ) ) ;
#1229 = CARTESIAN_POINT ( 'NONE',  ( 17.49999999999996803, 13.50000000000002842, 0.02499999999999724665 ) ) ;
#1230 = AXIS2_PLACEMENT_3D ( 'NONE', #2110, #1569, #694 ) ;
#1231 = ORIENTED_EDGE ( 'NONE', *, *, #1089, .F. ) ;
#1232 = EDGE_CURVE ( 'NONE', #1108, #1552, #332, .T. ) ;
#1233 = VECTOR ( 'NONE', #1628, 1000.000000000000000 ) ;
#1234 = CARTESIAN_POINT ( 'NONE',  ( -17.49999999999996803, 13.50000000000002132, -1.734723475976807883E-15 ) ) ;
#1235 = ORIENTED_EDGE ( 'NONE', *, *, #1789, .T. ) ;
#1236 = VECTOR ( 'NONE', #730, 1000.000000000000000 ) ;
#1237 = DIRECTION ( 'NONE',  ( -0.000000000000000000, -0.000000000000000000, -1.000000000000000000 ) ) ;
#1238 = AXIS2_PLACEMENT_3D ( 'NONE', #1881, #2070, #637 ) ;
#1239 = EDGE_LOOP ( 'NONE', ( #2277, #1332 ) ) ;
#1240 = FACE_OUTER_BOUND ( 'NONE', #623, .T. ) ;
#1241 = CYLINDRICAL_SURFACE ( 'NONE', #751, 2.099999999999994316 ) ;
#1242 = AXIS2_PLACEMENT_3D ( 'NONE', #1506, #797, #84 ) ;
#1243 = VECTOR ( 'NONE', #1345, 1000.000000000000000 ) ;
#1244 = DIRECTION ( 'NONE',  ( 1.000000000000000000, 3.362441617396929081E-16, -0.000000000000000000 ) ) ;
#1245 = VECTOR ( 'NONE', #263, 1000.000000000000000 ) ;
#1246 = DIRECTION ( 'NONE',  ( -0.000000000000000000, -0.000000000000000000, -1.000000000000000000 ) ) ;
#1247 = EDGE_LOOP ( 'NONE', ( #1701, #1126, #2081, #1478 ) ) ;
#1248 = CARTESIAN_POINT ( 'NONE',  ( 19.59999999999995879, 13.50000000000002842, 4.000000000000000000 ) ) ;
#1249 = EDGE_CURVE ( 'NONE', #1372, #400, #442, .T. ) ;
#1250 = ORIENTED_EDGE ( 'NONE', *, *, #1464, .F. ) ;
#1251 = CARTESIAN_POINT ( 'NONE',  ( 1.600000000000000755, 9.500000000000000000, -1.734723475976807883E-15 ) ) ;
#1252 = ORIENTED_EDGE ( 'NONE', *, *, #615, .T. ) ;
#1253 = DIRECTION ( 'NONE',  ( -0.000000000000000000, -0.000000000000000000, -1.000000000000000000 ) ) ;
#1254 = CARTESIAN_POINT ( 'NONE',  ( 12.49999999999999822, 3.702041028867282257, 5.597283974997632860 ) ) ;
#1255 = CARTESIAN_POINT ( 'NONE',  ( 16.29487835701897680, -14.92925506250736234, -1.734723475976807883E-15 ) ) ;
#1256 = CARTESIAN_POINT ( 'NONE',  ( -20.51987835701896756, -14.92925506250734813, 4.000000000000000000 ) ) ;
#1257 = ORIENTED_EDGE ( 'NONE', *, *, #312, .F. ) ;
#1258 = CARTESIAN_POINT ( 'NONE',  ( -1.574999999999993516, 9.500000000000000000, 0.000000000000000000 ) ) ;
#1259 = EDGE_LOOP ( 'NONE', ( #1905, #98, #65, #880 ) ) ;
#1260 = CYLINDRICAL_SURFACE ( 'NONE', #1501, 2.099999999999992539 ) ;
#1261 = CARTESIAN_POINT ( 'NONE',  ( 0.000000000000000000, 9.500000000000000000, -1.734723475976807883E-15 ) ) ;
#1262 = FACE_OUTER_BOUND ( 'NONE', #457, .T. ) ;
#1263 = EDGE_CURVE ( 'NONE', #1767, #808, #1953, .T. ) ;
#1264 = CYLINDRICAL_SURFACE ( 'NONE', #1427, 2.999999999999999112 ) ;
#1265 = DIRECTION ( 'NONE',  ( 1.000000000000000000, 3.362441617396929081E-16, -0.000000000000000000 ) ) ;
#1266 = ORIENTED_EDGE ( 'NONE', *, *, #1789, .F. ) ;
#1267 = DIRECTION ( 'NONE',  ( -1.000000000000000000, 0.000000000000000000, 0.000000000000000000 ) ) ;
#1268 = ORIENTED_EDGE ( 'NONE', *, *, #271, .T. ) ;
#1269 = CARTESIAN_POINT ( 'NONE',  ( -19.59999999999995524, 13.50000000000002132, 0.02499999999999724665 ) ) ;
#1270 = CIRCLE ( 'NONE', #1791, 10.00000000000000000 ) ;
#1271 = AXIS2_PLACEMENT_3D ( 'NONE', #807, #1703, #276 ) ;
#1272 = CARTESIAN_POINT ( 'NONE',  ( -20.00000000000000355, -5.977355505608152875, 0.000000000000000000 ) ) ;
#1273 = FACE_OUTER_BOUND ( 'NONE', #803, .T. ) ;
#1274 = VECTOR ( 'NONE', #2171, 1000.000000000000000 ) ;
#1275 = CARTESIAN_POINT ( 'NONE',  ( 20.00000000000000355, -5.977355505608152875, 0.000000000000000000 ) ) ;
#1276 = EDGE_CURVE ( 'NONE', #1855, #1760, #1353, .T. ) ;
#1277 = CIRCLE ( 'NONE', #709, 2.099999999999994316 ) ;
#1278 = CARTESIAN_POINT ( 'NONE',  ( -17.67012887683727485, -7.922940138131037813, 0.000000000000000000 ) ) ;
#1279 = ORIENTED_EDGE ( 'NONE', *, *, #87, .F. ) ;
#1280 = AXIS2_PLACEMENT_3D ( 'NONE', #2263, #858, #1225 ) ;
#1281 = ADVANCED_BREP_SHAPE_REPRESENTATION ( 'top_plate_alternative_2', ( #1212, #1384 ), #490 ) ;
#1282 = CYLINDRICAL_SURFACE ( 'NONE', #296, 6.000000000000001776 ) ;
#1283 = ORIENTED_EDGE ( 'NONE', *, *, #2125, .T. ) ;
#1284 = DIRECTION ( 'NONE',  ( -0.000000000000000000, -0.000000000000000000, -1.000000000000000000 ) ) ;
#1285 = DIRECTION ( 'NONE',  ( -1.000000000000000000, 0.000000000000000000, 0.000000000000000000 ) ) ;
#1286 = DIRECTION ( 'NONE',  ( -0.000000000000000000, -0.000000000000000000, -1.000000000000000000 ) ) ;
#1287 = EDGE_LOOP ( 'NONE', ( #1664, #1173, #1948, #1453 ) ) ;
#1288 = CARTESIAN_POINT ( 'NONE',  ( 15.81615582064305237, -17.79171828651637099, 0.000000000000000000 ) ) ;
#1289 = EDGE_CURVE ( 'NONE', #216, #443, #1910, .T. ) ;
#1290 = DIRECTION ( 'NONE',  ( 0.000000000000000000, 0.000000000000000000, -1.000000000000000000 ) ) ;
#1291 = VERTEX_POINT ( 'NONE', #121 ) ;
#1292 = ADVANCED_FACE ( 'NONE', ( #1551 ), #632, .F. ) ;
#1293 = ORIENTED_EDGE ( 'NONE', *, *, #1104, .F. ) ;
#1294 = FACE_OUTER_BOUND ( 'NONE', #282, .T. ) ;
#1295 = VERTEX_POINT ( 'NONE', #1912 ) ;
#1296 = DIRECTION ( 'NONE',  ( -0.000000000000000000, -0.000000000000000000, -1.000000000000000000 ) ) ;
#1297 = CARTESIAN_POINT ( 'NONE',  ( 18.52352306029965945, -18.75941160211499437, 0.000000000000000000 ) ) ;
#1298 = DIRECTION ( 'NONE',  ( -1.000000000000000000, 3.362441617396929081E-16, 0.000000000000000000 ) ) ;
#1299 = EDGE_LOOP ( 'NONE', ( #607, #2208 ) ) ;
#1300 = ORIENTED_EDGE ( 'NONE', *, *, #729, .F. ) ;
#1301 = FACE_OUTER_BOUND ( 'NONE', #1001, .T. ) ;
#1302 = DIRECTION ( 'NONE',  ( 0.000000000000000000, 0.000000000000000000, 1.000000000000000000 ) ) ;
#1303 = VERTEX_POINT ( 'NONE', #302 ) ;
#1304 = CARTESIAN_POINT ( 'NONE',  ( 1.574999999999999067, 9.500000000000000000, 4.000000000000000000 ) ) ;
#1305 = ORIENTED_EDGE ( 'NONE', *, *, #799, .T. ) ;
#1306 = EDGE_CURVE ( 'NONE', #280, #1224, #862, .T. ) ;
#1307 = AXIS2_PLACEMENT_3D ( 'NONE', #1317, #1330, #94 ) ;
#1308 = CARTESIAN_POINT ( 'NONE',  ( 19.53325074157381991, -15.93444257402482123, 0.000000000000000000 ) ) ;
#1309 = CARTESIAN_POINT ( 'NONE',  ( 15.00000000000000355, -5.977355505608127118, 0.000000000000000000 ) ) ;
#1310 = ADVANCED_FACE ( 'NONE', ( #2276 ), #1411, .F. ) ;
#1311 = AXIS2_PLACEMENT_3D ( 'NONE', #1596, #2307, #1786 ) ;
#1312 = ORIENTED_EDGE ( 'NONE', *, *, #2269, .T. ) ;
#1313 = FACE_OUTER_BOUND ( 'NONE', #1450, .T. ) ;
#1314 = CARTESIAN_POINT ( 'NONE',  ( 21.00000000000000000, 3.702041028867286698, 4.000000000000000000 ) ) ;
#1315 = AXIS2_PLACEMENT_3D ( 'NONE', #53, #225, #941 ) ;
#1316 = AXIS2_PLACEMENT_3D ( 'NONE', #2026, #1132, #1850 ) ;
#1317 = CARTESIAN_POINT ( 'NONE',  ( 17.49999999999996803, 13.50000000000002842, -1.734723475976807883E-15 ) ) ;
#1318 = CONICAL_SURFACE ( 'NONE', #1985, 1.600000000000000755, 0.7853981633977258348 ) ;
#1319 = CARTESIAN_POINT ( 'NONE',  ( 9.499999999999729994, -2.670977034408631172E-13, -1.734723475976807883E-15 ) ) ;
#1320 = ORIENTED_EDGE ( 'NONE', *, *, #615, .F. ) ;
#1321 = AXIS2_PLACEMENT_3D ( 'NONE', #2174, #28, #1435 ) ;
#1322 = EDGE_CURVE ( 'NONE', #1552, #1441, #1439, .T. ) ;
#1323 = DIRECTION ( 'NONE',  ( 1.000000000000000000, 0.000000000000000000, 0.000000000000000000 ) ) ;
#1324 = CYLINDRICAL_SURFACE ( 'NONE', #453, 6.000000000000000000 ) ;
#1325 = EDGE_LOOP ( 'NONE', ( #2054, #1222, #1771, #859, #1582, #253, #157, #348, #1556, #1512, #360, #1781, #2238, #2106, #1235, #2223, #1716, #90, #887, #844, #822, #1884, #1996, #1138, #1846, #2186, #1099, #1026, #167 ) ) ;
#1326 = EDGE_CURVE ( 'NONE', #2084, #1681, #1799, .T. ) ;
#1327 = CARTESIAN_POINT ( 'NONE',  ( 15.90560283640978945, 6.888815542965883942, 4.131686813513057110 ) ) ;
#1328 = UNCERTAINTY_MEASURE_WITH_UNIT (LENGTH_MEASURE( 1.000000000000000082E-05 ), #2189, 'distance_accuracy_value', 'NONE');
#1329 = CARTESIAN_POINT ( 'NONE',  ( 9.499999999999729994, -2.670977034408631172E-13, -1.734723475976807883E-15 ) ) ;
#1330 = DIRECTION ( 'NONE',  ( -0.000000000000000000, -0.000000000000000000, -1.000000000000000000 ) ) ;
#1331 = CARTESIAN_POINT ( 'NONE',  ( -12.50000000000000178, -7.132866670252308694, 5.000000000000000000 ) ) ;
#1332 = ORIENTED_EDGE ( 'NONE', *, *, #645, .F. ) ;
#1333 = DIRECTION ( 'NONE',  ( -0.000000000000000000, -0.000000000000000000, -1.000000000000000000 ) ) ;
#1334 = CARTESIAN_POINT ( 'NONE',  ( -16.29487835701897680, -14.92925506250734813, -1.734723475976807883E-15 ) ) ;
#1335 = ORIENTED_EDGE ( 'NONE', *, *, #1075, .F. ) ;
#1336 = CARTESIAN_POINT ( 'NONE',  ( 16.74506611673594136, 7.946157186768283864, 4.000000000000000000 ) ) ;
#1337 = ADVANCED_FACE ( 'NONE', ( #1301 ), #231, .F. ) ;
#1338 = CARTESIAN_POINT ( 'NONE',  ( 22.53325074157381636, -15.93444257402479280, 4.000000000000000000 ) ) ;
#1339 = CARTESIAN_POINT ( 'NONE',  ( -15.04146058269056674, 4.496509727464866657, 5.239488478652238435 ) ) ;
#1340 = EDGE_LOOP ( 'NONE', ( #1408, #47, #1544, #479 ) ) ;
#1341 = DIRECTION ( 'NONE',  ( -0.000000000000000000, -0.000000000000000000, -1.000000000000000000 ) ) ;
#1342 = EDGE_LOOP ( 'NONE', ( #1016, #1471, #774, #812 ) ) ;
#1343 = DIRECTION ( 'NONE',  ( -1.000000000000000000, 0.000000000000000000, 0.000000000000000000 ) ) ;
#1344 = ORIENTED_EDGE ( 'NONE', *, *, #2154, .T. ) ;
#1345 = DIRECTION ( 'NONE',  ( -0.000000000000000000, -0.000000000000000000, -1.000000000000000000 ) ) ;
#1346 = PRODUCT_DEFINITION_CONTEXT ( 'detailed design', #1717, 'design' ) ;
#1347 = VECTOR ( 'NONE', #1842, 1000.000000000000000 ) ;
#1348 = DIRECTION ( 'NONE',  ( 1.000000000000000000, -8.673617379884035472E-16, 0.000000000000000000 ) ) ;
#1349 = EDGE_CURVE ( 'NONE', #2304, #856, #1840, .T. ) ;
#1350 = VECTOR ( 'NONE', #800, 1000.000000000000000 ) ;
#1351 = VECTOR ( 'NONE', #1058, 1000.000000000000000 ) ;
#1352 = DIRECTION ( 'NONE',  ( -3.409293297311320668E-16, 1.000000000000000000, 0.000000000000000000 ) ) ;
#1353 = LINE ( 'NONE', #1527, #410 ) ;
#1354 = ORIENTED_EDGE ( 'NONE', *, *, #1276, .F. ) ;
#1355 = CIRCLE ( 'NONE', #1242, 4.000000000000023981 ) ;
#1356 = FACE_BOUND ( 'NONE', #1141, .T. ) ;
#1357 = CARTESIAN_POINT ( 'NONE',  ( -14.99999999999999822, -5.977355505608161756, 0.000000000000000000 ) ) ;
#1358 = AXIS2_PLACEMENT_3D ( 'NONE', #1063, #882, #2155 ) ;
#1359 = ORIENTED_EDGE ( 'NONE', *, *, #1192, .F. ) ;
#1360 = DIRECTION ( 'NONE',  ( -0.000000000000000000, -0.000000000000000000, -1.000000000000000000 ) ) ;
#1361 = CARTESIAN_POINT ( 'NONE',  ( -22.53325074157380570, -14.30619384669946115, 4.000000000000000000 ) ) ;
#1362 = CARTESIAN_POINT ( 'NONE',  ( 9.499999999999729994, -2.670977034408631172E-13, 0.02499999999999724665 ) ) ;
#1363 = DIRECTION ( 'NONE',  ( -0.000000000000000000, -0.000000000000000000, -1.000000000000000000 ) ) ;
#1364 = ORIENTED_EDGE ( 'NONE', *, *, #1513, .F. ) ;
#1365 = DIRECTION ( 'NONE',  ( 1.000000000000000000, 3.362441617396929081E-16, -0.000000000000000000 ) ) ;
#1366 = ORIENTED_EDGE ( 'NONE', *, *, #860, .T. ) ;
#1367 = DIRECTION ( 'NONE',  ( -1.000000000000000000, 0.000000000000000000, 0.000000000000000000 ) ) ;
#1368 = VERTEX_POINT ( 'NONE', #1598 ) ;
#1369 = CARTESIAN_POINT ( 'NONE',  ( 12.49999999999999822, 3.702041028867280481, 4.000000000000000000 ) ) ;
#1370 = DIRECTION ( 'NONE',  ( -1.000000000000000000, 0.000000000000000000, 0.000000000000000000 ) ) ;
#1371 = DIRECTION ( 'NONE',  ( -1.000000000000000000, 0.000000000000000000, 0.000000000000000000 ) ) ;
#1372 = VERTEX_POINT ( 'NONE', #708 ) ;
#1373 = CARTESIAN_POINT ( 'NONE',  ( -18.99999999999999645, 17.50000000000006395, 4.000000000000000000 ) ) ;
#1374 = ADVANCED_FACE ( 'NONE', ( #541 ), #1264, .T. ) ;
#1375 = EDGE_LOOP ( 'NONE', ( #2032, #603, #2236, #1148, #1482, #2172 ) ) ;
#1376 = CARTESIAN_POINT ( 'NONE',  ( 19.53325074157381991, -14.30619384669944871, 4.000000000000000000 ) ) ;
#1377 = ORIENTED_EDGE ( 'NONE', *, *, #428, .F. ) ;
#1378 = EDGE_CURVE ( 'NONE', #307, #1184, #152, .T. ) ;
#1379 = CARTESIAN_POINT ( 'NONE',  ( 20.00000000000000355, -5.977355505608152875, 0.000000000000000000 ) ) ;
#1380 = VECTOR ( 'NONE', #770, 1000.000000000000000 ) ;
#1381 = CARTESIAN_POINT ( 'NONE',  ( -16.31987835701898604, -14.92925506250734813, 0.02499999999999724665 ) ) ;
#1382 = VERTEX_POINT ( 'NONE', #1428 ) ;
#1383 = CONICAL_SURFACE ( 'NONE', #1500, 2.125000000000001776, 0.7853981633977258348 ) ;
#1384 = AXIS2_PLACEMENT_3D ( 'NONE', #329, #135, #1737 ) ;
#1385 = AXIS2_PLACEMENT_3D ( 'NONE', #2267, #653, #1371 ) ;
#1386 = CARTESIAN_POINT ( 'NONE',  ( 12.50000000000000355, -10.44949146060770673, 4.000000000000000000 ) ) ;
#1387 = ORIENTED_EDGE ( 'NONE', *, *, #143, .T. ) ;
#1388 = CYLINDRICAL_SURFACE ( 'NONE', #672, 6.000000000000000000 ) ;
#1389 = VECTOR ( 'NONE', #1207, 1000.000000000000000 ) ;
#1390 = ADVANCED_FACE ( 'NONE', ( #1971 ), #1962, .F. ) ;
#1391 = ORIENTED_EDGE ( 'NONE', *, *, #775, .T. ) ;
#1392 = CIRCLE ( 'NONE', #2144, 6.000000000000001776 ) ;
#1393 = DIRECTION ( 'NONE',  ( -0.000000000000000000, -0.000000000000000000, -1.000000000000000000 ) ) ;
#1394 = EDGE_CURVE ( 'NONE', #1989, #513, #829, .T. ) ;
#1395 = DIRECTION ( 'NONE',  ( -0.000000000000000000, -0.000000000000000000, -1.000000000000000000 ) ) ;
#1396 = ORIENTED_EDGE ( 'NONE', *, *, #600, .F. ) ;
#1397 = FACE_BOUND ( 'NONE', #762, .T. ) ;
#1398 = ORIENTED_EDGE ( 'NONE', *, *, #550, .F. ) ;
#1399 = DIRECTION ( 'NONE',  ( -1.000000000000000000, 0.000000000000000000, 0.000000000000000000 ) ) ;
#1400 = ORIENTED_EDGE ( 'NONE', *, *, #1188, .F. ) ;
#1401 = CARTESIAN_POINT ( 'NONE',  ( -17.76393202250013914, -10.44949146060770495, 4.000000000000000000 ) ) ;
#1402 = EDGE_CURVE ( 'NONE', #341, #891, #2141, .T. ) ;
#1403 = DIRECTION ( 'NONE',  ( 0.7071067811867437491, 8.659560562357336419E-17, -0.7071067811863512853 ) ) ;
#1404 = EDGE_LOOP ( 'NONE', ( #270, #1398, #1488, #401 ) ) ;
#1405 = DIRECTION ( 'NONE',  ( -0.000000000000000000, -0.000000000000000000, -1.000000000000000000 ) ) ;
#1406 = EDGE_LOOP ( 'NONE', ( #1901, #45, #1312, #1878 ) ) ;
#1407 = FACE_OUTER_BOUND ( 'NONE', #1815, .T. ) ;
#1408 = ORIENTED_EDGE ( 'NONE', *, *, #1402, .T. ) ;
#1409 = DIRECTION ( 'NONE',  ( -1.000000000000000000, 0.000000000000000000, 0.000000000000000000 ) ) ;
#1410 = DIRECTION ( 'NONE',  ( -1.000000000000000000, 0.000000000000000000, 0.000000000000000000 ) ) ;
#1411 = CYLINDRICAL_SURFACE ( 'NONE', #1943, 40.70576098207487803 ) ;
#1412 = ADVANCED_FACE ( 'NONE', ( #15 ), #578, .F. ) ;
#1413 = DIRECTION ( 'NONE',  ( -1.000000000000000000, 0.000000000000000000, 0.000000000000000000 ) ) ;
#1414 = AXIS2_PLACEMENT_3D ( 'NONE', #1041, #1581, #2300 ) ;
#1415 = VERTEX_POINT ( 'NONE', #909 ) ;
#1416 = CIRCLE ( 'NONE', #366, 4.000000000000034639 ) ;
#1417 = EDGE_CURVE ( 'NONE', #638, #768, #414, .T. ) ;
#1418 = LINE ( 'NONE', #867, #1420 ) ;
#1419 = ORIENTED_EDGE ( 'NONE', *, *, #832, .F. ) ;
#1420 = VECTOR ( 'NONE', #524, 1000.000000000000000 ) ;
#1421 = CARTESIAN_POINT ( 'NONE',  ( -14.13327635185282460, -22.50000000000000000, 4.000000000000000000 ) ) ;
#1422 = AXIS2_PLACEMENT_3D ( 'NONE', #420, #1125, #1472 ) ;
#1423 = VERTEX_POINT ( 'NONE', #33 ) ;
#1424 = DIRECTION ( 'NONE',  ( -0.000000000000000000, -0.000000000000000000, -1.000000000000000000 ) ) ;
#1425 = FACE_OUTER_BOUND ( 'NONE', #583, .T. ) ;
#1426 = CIRCLE ( 'NONE', #2288, 2.125000000000001776 ) ;
#1427 = AXIS2_PLACEMENT_3D ( 'NONE', #2318, #566, #1638 ) ;
#1428 = CARTESIAN_POINT ( 'NONE',  ( 15.81615582064305237, -17.79171828651637099, 4.000000000000000000 ) ) ;
#1429 = AXIS2_PLACEMENT_3D ( 'NONE', #89, #1868, #273 ) ;
#1430 = FACE_OUTER_BOUND ( 'NONE', #901, .T. ) ;
#1431 = VERTEX_POINT ( 'NONE', #1288 ) ;
#1432 = PRODUCT_DEFINITION_SHAPE ( 'NONE', 'NONE',  #403 ) ;
#1433 = DIRECTION ( 'NONE',  ( 1.000000000000000000, -3.362441617396929081E-16, 0.000000000000000000 ) ) ;
#1434 = ORIENTED_EDGE ( 'NONE', *, *, #2024, .T. ) ;
#1435 = DIRECTION ( 'NONE',  ( -1.000000000000000000, 0.000000000000000000, 0.000000000000000000 ) ) ;
#1436 = EDGE_CURVE ( 'NONE', #891, #341, #1277, .T. ) ;
#1437 = LINE ( 'NONE', #2153, #1236 ) ;
#1438 = CARTESIAN_POINT ( 'NONE',  ( -18.41987835701897325, -14.92925506250734813, 0.000000000000000000 ) ) ;
#1439 = LINE ( 'NONE', #2157, #827 ) ;
#1440 = DIRECTION ( 'NONE',  ( -2.891205793294678326E-16, 1.000000000000000000, -1.243449787580175325E-14 ) ) ;
#1441 = VERTEX_POINT ( 'NONE', #1255 ) ;
#1442 = CARTESIAN_POINT ( 'NONE',  ( 1.600000000000000755, 9.500000000000000000, -1.734723475976807883E-15 ) ) ;
#1443 = ORIENTED_EDGE ( 'NONE', *, *, #208, .T. ) ;
#1444 = LINE ( 'NONE', #700, #370 ) ;
#1445 = EDGE_CURVE ( 'NONE', #2246, #315, #2166, .T. ) ;
#1446 = FACE_OUTER_BOUND ( 'NONE', #1340, .T. ) ;
#1447 = CARTESIAN_POINT ( 'NONE',  ( -15.62707049396040304, -8.408577287619845464, 4.355377559086314854 ) ) ;
#1448 = DIRECTION ( 'NONE',  ( -1.000000000000000000, 0.000000000000000000, 0.000000000000000000 ) ) ;
#1449 = CARTESIAN_POINT ( 'NONE',  ( 12.49999999999999822, 1.540927403156063358, -1.188798674451244641E-15 ) ) ;
#1450 = EDGE_LOOP ( 'NONE', ( #2264, #1957, #1305, #911 ) ) ;
#1451 = CIRCLE ( 'NONE', #2052, 2.099999999999987210 ) ;
#1452 = CARTESIAN_POINT ( 'NONE',  ( -22.53325074157381280, -15.93444257402482123, 4.000000000000000000 ) ) ;
#1453 = ORIENTED_EDGE ( 'NONE', *, *, #771, .F. ) ;
#1454 = DIRECTION ( 'NONE',  ( 1.000000000000000000, 3.362441617396929081E-16, 0.000000000000000000 ) ) ;
#1455 = CIRCLE ( 'NONE', #631, 5.000000000000000888 ) ;
#1456 = CIRCLE ( 'NONE', #745, 1.574999999999987965 ) ;
#1457 = CARTESIAN_POINT ( 'NONE',  ( -11.07500000000025508, 2.682611179000530885E-13, 0.02499999999999724665 ) ) ;
#1458 = CARTESIAN_POINT ( 'NONE',  ( -15.81615582064305237, -17.79171828651637099, 4.000000000000000000 ) ) ;
#1459 = EDGE_CURVE ( 'NONE', #810, #2196, #940, .T. ) ;
#1460 = AXIS2_PLACEMENT_3D ( 'NONE', #2112, #2080, #467 ) ;
#1461 =( GEOMETRIC_REPRESENTATION_CONTEXT ( 3 ) GLOBAL_UNCERTAINTY_ASSIGNED_CONTEXT ( ( #920 ) ) GLOBAL_UNIT_ASSIGNED_CONTEXT ( ( #465, #1779, #1715 ) ) REPRESENTATION_CONTEXT ( 'NONE', 'WORKASPACE' ) );
#1462 = ORIENTED_EDGE ( 'NONE', *, *, #746, .F. ) ;
#1463 = CARTESIAN_POINT ( 'NONE',  ( 18.41987835701897325, -14.92925506250736234, 4.000000000000000000 ) ) ;
#1464 = EDGE_CURVE ( 'NONE', #165, #1068, #1614, .T. ) ;
#1465 = EDGE_CURVE ( 'NONE', #165, #768, #1997, .T. ) ;
#1466 = VECTOR ( 'NONE', #169, 1000.000000000000000 ) ;
#1467 = CARTESIAN_POINT ( 'NONE',  ( -23.00000000000003197, -5.977355505608128894, 5.597283974997625755 ) ) ;
#1468 = ORIENTED_EDGE ( 'NONE', *, *, #1851, .F. ) ;
#1469 = VECTOR ( 'NONE', #178, 1000.000000000000000 ) ;
#1470 = EDGE_CURVE ( 'NONE', #1093, #1640, #1209, .T. ) ;
#1471 = ORIENTED_EDGE ( 'NONE', *, *, #925, .F. ) ;
#1472 = DIRECTION ( 'NONE',  ( -1.000000000000000000, 0.000000000000000000, 0.000000000000000000 ) ) ;
#1473 = ORIENTED_EDGE ( 'NONE', *, *, #1631, .F. ) ;
#1474 = DIRECTION ( 'NONE',  ( -0.000000000000000000, -0.000000000000000000, -1.000000000000000000 ) ) ;
#1475 = DIRECTION ( 'NONE',  ( -3.409293297311320668E-16, -1.000000000000000000, 0.000000000000000000 ) ) ;
#1476 = DIRECTION ( 'NONE',  ( -0.000000000000000000, -0.000000000000000000, 1.000000000000000000 ) ) ;
#1477 = ORIENTED_EDGE ( 'NONE', *, *, #2079, .F. ) ;
#1478 = ORIENTED_EDGE ( 'NONE', *, *, #1051, .F. ) ;
#1479 = CARTESIAN_POINT ( 'NONE',  ( 18.41987835701897325, -14.92925506250736234, 4.000000000000000000 ) ) ;
#1480 = LINE ( 'NONE', #1790, #2055 ) ;
#1481 = EDGE_CURVE ( 'NONE', #1483, #1976, #1577, .T. ) ;
#1482 = ORIENTED_EDGE ( 'NONE', *, *, #1498, .T. ) ;
#1483 = VERTEX_POINT ( 'NONE', #462 ) ;
#1484 = DIRECTION ( 'NONE',  ( 0.000000000000000000, 0.000000000000000000, 1.000000000000000000 ) ) ;
#1485 = VERTEX_POINT ( 'NONE', #425 ) ;
#1486 = FACE_OUTER_BOUND ( 'NONE', #2280, .T. ) ;
#1487 = CYLINDRICAL_SURFACE ( 'NONE', #902, 4.000000000000023981 ) ;
#1488 = ORIENTED_EDGE ( 'NONE', *, *, #2035, .F. ) ;
#1489 = CARTESIAN_POINT ( 'NONE',  ( 15.81401617410823235, -8.717992289254178573, 4.252895934736115713 ) ) ;
#1490 = CARTESIAN_POINT ( 'NONE',  ( -18.99999999999996803, 17.49999999999999645, 0.000000000000000000 ) ) ;
#1491 = EDGE_CURVE ( 'NONE', #134, #1870, #898, .T. ) ;
#1492 = CARTESIAN_POINT ( 'NONE',  ( 1.574999999999993516, 9.500000000000000000, 0.000000000000000000 ) ) ;
#1493 = CARTESIAN_POINT ( 'NONE',  ( 12.50000000000000000, -5.977355505608116459, 5.597283974997625755 ) ) ;
#1494 = ORIENTED_EDGE ( 'NONE', *, *, #1220, .F. ) ;
#1495 = DIRECTION ( 'NONE',  ( -1.000000000000000000, 0.000000000000000000, 0.000000000000000000 ) ) ;
#1496 = LINE ( 'NONE', #575, #2219 ) ;
#1497 = ORIENTED_EDGE ( 'NONE', *, *, #2064, .T. ) ;
#1498 = EDGE_CURVE ( 'NONE', #1760, #810, #794, .T. ) ;
#1499 = CARTESIAN_POINT ( 'NONE',  ( 17.49999999999996803, 13.50000000000002842, -1.734723475976807883E-15 ) ) ;
#1500 = AXIS2_PLACEMENT_3D ( 'NONE', #1234, #337, #1606 ) ;
#1501 = AXIS2_PLACEMENT_3D ( 'NONE', #2124, #1237, #1946 ) ;
#1502 = DIRECTION ( 'NONE',  ( 0.000000000000000000, 1.000000000000000000, 0.000000000000000000 ) ) ;
#1503 = VECTOR ( 'NONE', #1660, 1000.000000000000000 ) ;
#1504 = AXIS2_PLACEMENT_3D ( 'NONE', #806, #1702, #266 ) ;
#1505 = CARTESIAN_POINT ( 'NONE',  ( 7.924999999999730704, -2.670977034408631172E-13, 4.000000000000000000 ) ) ;
#1506 = CARTESIAN_POINT ( 'NONE',  ( -19.00000000000000000, 13.49999999999999467, 4.000000000000000000 ) ) ;
#1507 = EDGE_LOOP ( 'NONE', ( #1161, #1999, #1111, #145 ) ) ;
#1508 = CIRCLE ( 'NONE', #1798, 2.099999999999987210 ) ;
#1509 = CARTESIAN_POINT ( 'NONE',  ( 18.99999999999996803, 13.50000000000002842, 0.000000000000000000 ) ) ;
#1510 = EDGE_CURVE ( 'NONE', #1767, #2193, #1514, .T. ) ;
#1511 = CARTESIAN_POINT ( 'NONE',  ( -12.50000000000000178, -3.816241879896908440, -5.459248015255631436E-16 ) ) ;
#1512 = ORIENTED_EDGE ( 'NONE', *, *, #1188, .T. ) ;
#1513 = EDGE_CURVE ( 'NONE', #495, #856, #2301, .T. ) ;
#1514 = LINE ( 'NONE', #2218, #1243 ) ;
#1515 = DIRECTION ( 'NONE',  ( 1.000000000000000000, 0.000000000000000000, 0.000000000000000000 ) ) ;
#1516 = CARTESIAN_POINT ( 'NONE',  ( 12.50000000000000000, 4.535933897141635496E-15, 2.331704404856383356E-30 ) ) ;
#1517 = CARTESIAN_POINT ( 'NONE',  ( -18.52352306029968432, -18.75941160211500147, 4.000000000000000000 ) ) ;
#1518 = VERTEX_POINT ( 'NONE', #2059 ) ;
#1519 = DIRECTION ( 'NONE',  ( -0.000000000000000000, -0.000000000000000000, -1.000000000000000000 ) ) ;
#1520 = VERTEX_POINT ( 'NONE', #80 ) ;
#1521 = CARTESIAN_POINT ( 'NONE',  ( 14.13327635185282460, -22.50000000000000000, 0.000000000000000000 ) ) ;
#1522 = EDGE_CURVE ( 'NONE', #727, #2142, #244, .T. ) ;
#1523 = ORIENTED_EDGE ( 'NONE', *, *, #645, .T. ) ;
#1524 = CARTESIAN_POINT ( 'NONE',  ( 16.31987835701898604, -14.92925506250736234, 0.02499999999999724665 ) ) ;
#1525 = DIRECTION ( 'NONE',  ( 1.000000000000000000, -1.807003620809173399E-15, 0.000000000000000000 ) ) ;
#1526 = CARTESIAN_POINT ( 'NONE',  ( 15.00000000000000000, 3.702041028867287586, 5.597283974997632860 ) ) ;
#1527 = CARTESIAN_POINT ( 'NONE',  ( 18.31712053120981665, -10.68563721909179520, 4.000000000000000000 ) ) ;
#1528 = ORIENTED_EDGE ( 'NONE', *, *, #1170, .F. ) ;
#1529 = CARTESIAN_POINT ( 'NONE',  ( 11.07499999999972395, -2.669048215699974049E-13, 0.000000000000000000 ) ) ;
#1530 = ORIENTED_EDGE ( 'NONE', *, *, #2005, .F. ) ;
#1531 = DIRECTION ( 'NONE',  ( 0.000000000000000000, 0.000000000000000000, 1.000000000000000000 ) ) ;
#1532 = AXIS2_PLACEMENT_3D ( 'NONE', #300, #685, #1590 ) ;
#1533 = ORIENTED_EDGE ( 'NONE', *, *, #1100, .F. ) ;
#1534 = DIRECTION ( 'NONE',  ( -0.000000000000000000, -0.000000000000000000, -1.000000000000000000 ) ) ;
#1535 = AXIS2_PLACEMENT_3D ( 'NONE', #606, #82, #437 ) ;
#1536 = DIRECTION ( 'NONE',  ( -0.000000000000000000, -0.000000000000000000, -1.000000000000000000 ) ) ;
#1537 = AXIS2_PLACEMENT_3D ( 'NONE', #1261, #916, #1612 ) ;
#1538 = VECTOR ( 'NONE', #837, 1000.000000000000000 ) ;
#1539 = DIRECTION ( 'NONE',  ( 0.3365758937580449750, -0.9416563426967257122, 0.000000000000000000 ) ) ;
#1540 = DIRECTION ( 'NONE',  ( -0.000000000000000000, -0.000000000000000000, -1.000000000000000000 ) ) ;
#1541 = EDGE_LOOP ( 'NONE', ( #1268, #1671, #1591, #1231 ) ) ;
#1542 = VECTOR ( 'NONE', #608, 1000.000000000000000 ) ;
#1543 = FACE_BOUND ( 'NONE', #702, .T. ) ;
#1544 = ORIENTED_EDGE ( 'NONE', *, *, #1232, .T. ) ;
#1545 = CARTESIAN_POINT ( 'NONE',  ( 19.62499999999996803, 13.50000000000002842, -1.734723475976807883E-15 ) ) ;
#1546 = CIRCLE ( 'NONE', #1358, 4.000000000000034639 ) ;
#1547 = VERTEX_POINT ( 'NONE', #436 ) ;
#1548 = FACE_BOUND ( 'NONE', #1945, .T. ) ;
#1549 = ADVANCED_FACE ( 'NONE', ( #452 ), #1154, .F. ) ;
#1550 = DIRECTION ( 'NONE',  ( -1.000000000000000000, 0.000000000000000000, 0.000000000000000000 ) ) ;
#1551 = FACE_OUTER_BOUND ( 'NONE', #801, .T. ) ;
#1552 = VERTEX_POINT ( 'NONE', #1524 ) ;
#1553 = LINE ( 'NONE', #108, #3 ) ;
#1554 = EDGE_LOOP ( 'NONE', ( #2121, #1477, #556, #1709 ) ) ;
#1555 = CARTESIAN_POINT ( 'NONE',  ( 1.599999999999464295, -9.500000000000000000, -1.734723475976807883E-15 ) ) ;
#1556 = ORIENTED_EDGE ( 'NONE', *, *, #816, .T. ) ;
#1557 = CARTESIAN_POINT ( 'NONE',  ( -12.49999999999999822, 4.857552193511462058, 4.999999999999997335 ) ) ;
#1558 = CARTESIAN_POINT ( 'NONE',  ( -17.00000000000002842, 8.174176983866864532, 4.000000000000000000 ) ) ;
#1559 = CARTESIAN_POINT ( 'NONE',  ( -16.31987835701897893, -14.92925506250734813, 0.000000000000000000 ) ) ;
#1560 = EDGE_LOOP ( 'NONE', ( #1795, #878 ) ) ;
#1561 = EDGE_CURVE ( 'NONE', #1520, #1518, #1169, .T. ) ;
#1562 = CARTESIAN_POINT ( 'NONE',  ( -5.365222358001061769E-13, -9.500000000000000000, 0.02499999999999724665 ) ) ;
#1563 = ORIENTED_EDGE ( 'NONE', *, *, #1104, .T. ) ;
#1564 = CARTESIAN_POINT ( 'NONE',  ( 15.11231845728875633, 4.857552193511462946, 5.000000000000000000 ) ) ;
#1565 = EDGE_CURVE ( 'NONE', #838, #1838, #674, .T. ) ;
#1566 = ORIENTED_EDGE ( 'NONE', *, *, #2255, .T. ) ;
#1567 = CARTESIAN_POINT ( 'NONE',  ( -20.51987835701896756, -14.92925506250734813, 0.000000000000000000 ) ) ;
#1568 = CIRCLE ( 'NONE', #551, 2.099999999999994316 ) ;
#1569 = DIRECTION ( 'NONE',  ( -0.000000000000000000, -0.000000000000000000, -1.000000000000000000 ) ) ;
#1570 = CONICAL_SURFACE ( 'NONE', #1271, 1.600000000000000755, 0.7853981633977258348 ) ;
#1571 = ORIENTED_EDGE ( 'NONE', *, *, #731, .T. ) ;
#1572 = VECTOR ( 'NONE', #560, 1000.000000000000000 ) ;
#1573 = VECTOR ( 'NONE', #1363, 1000.000000000000000 ) ;
#1574 = DIRECTION ( 'NONE',  ( -0.000000000000000000, -0.000000000000000000, -1.000000000000000000 ) ) ;
#1575 = VERTEX_POINT ( 'NONE', #815 ) ;
#1576 = CYLINDRICAL_SURFACE ( 'NONE', #10, 2.999999999999988898 ) ;
#1577 = CIRCLE ( 'NONE', #788, 2.125000000000001776 ) ;
#1578 = EDGE_LOOP ( 'NONE', ( #677, #772, #1533, #939 ) ) ;
#1579 = ADVANCED_FACE ( 'NONE', ( #1313 ), #2251, .F. ) ;
#1580 = CARTESIAN_POINT ( 'NONE',  ( -17.10526247921696097, -10.07166118475362993, 4.007015230180955179 ) ) ;
#1581 = DIRECTION ( 'NONE',  ( 1.000000000000000000, 0.000000000000000000, 0.000000000000000000 ) ) ;
#1582 = ORIENTED_EDGE ( 'NONE', *, *, #1326, .T. ) ;
#1583 = DIRECTION ( 'NONE',  ( -2.891205793294677833E-16, -1.000000000000000000, 0.000000000000000000 ) ) ;
#1584 = ORIENTED_EDGE ( 'NONE', *, *, #726, .F. ) ;
#1585 = CARTESIAN_POINT ( 'NONE',  ( 0.000000000000000000, 9.500000000000000000, 0.02499999999999724665 ) ) ;
#1586 = EDGE_LOOP ( 'NONE', ( #1391, #2294, #2161, #27 ) ) ;
#1587 = CARTESIAN_POINT ( 'NONE',  ( 12.50000000000000178, -7.132866670252306918, 5.000000000000000000 ) ) ;
#1588 = CARTESIAN_POINT ( 'NONE',  ( -16.66833899549799725, -9.710416719706952193, 4.044462738801708923 ) ) ;
#1589 = ADVANCED_FACE ( 'NONE', ( #643 ), #1203, .F. ) ;
#1590 = DIRECTION ( 'NONE',  ( -1.000000000000000000, 0.000000000000000000, 0.000000000000000000 ) ) ;
#1591 = ORIENTED_EDGE ( 'NONE', *, *, #870, .F. ) ;
#1592 = FACE_OUTER_BOUND ( 'NONE', #1826, .T. ) ;
#1593 = ORIENTED_EDGE ( 'NONE', *, *, #554, .T. ) ;
#1594 = FACE_OUTER_BOUND ( 'NONE', #52, .T. ) ;
#1595 = ORIENTED_EDGE ( 'NONE', *, *, #2165, .F. ) ;
#1596 = CARTESIAN_POINT ( 'NONE',  ( -17.49999999999996803, 13.50000000000002132, 0.000000000000000000 ) ) ;
#1597 = CARTESIAN_POINT ( 'NONE',  ( -9.500000000000266454, 2.682611179000530885E-13, 4.000000000000000000 ) ) ;
#1598 = CARTESIAN_POINT ( 'NONE',  ( 11.07499999999973106, -2.669048215699974049E-13, 4.000000000000000000 ) ) ;
#1599 = CONICAL_SURFACE ( 'NONE', #1307, 2.125000000000001776, 0.7853981633977604737 ) ;
#1600 = CARTESIAN_POINT ( 'NONE',  ( -1.575000000000524425, -9.500000000000000000, 0.02499999999999724665 ) ) ;
#1601 = ADVANCED_FACE ( 'NONE', ( #516, #1895, #1723, #318, #484, #1548, #1018, #1053, #1040 ), #472, .F. ) ;
#1602 = VECTOR ( 'NONE', #129, 1000.000000000000000 ) ;
#1603 = ORIENTED_EDGE ( 'NONE', *, *, #1921, .T. ) ;
#1604 = VECTOR ( 'NONE', #1082, 1000.000000000000000 ) ;
#1605 = EDGE_CURVE ( 'NONE', #268, #57, #487, .T. ) ;
#1606 = DIRECTION ( 'NONE',  ( -1.000000000000000000, 0.000000000000000000, 0.000000000000000000 ) ) ;
#1607 = EDGE_LOOP ( 'NONE', ( #1966, #226, #1052, #690, #1008, #1396 ) ) ;
#1608 = FACE_OUTER_BOUND ( 'NONE', #503, .T. ) ;
#1609 = CIRCLE ( 'NONE', #295, 2.124999999999998224 ) ;
#1610 = AXIS2_PLACEMENT_3D ( 'NONE', #2087, #1183, #269 ) ;
#1611 = ORIENTED_EDGE ( 'NONE', *, *, #2048, .F. ) ;
#1612 = DIRECTION ( 'NONE',  ( -1.000000000000000000, 0.000000000000000000, 0.000000000000000000 ) ) ;
#1613 = LINE ( 'NONE', #2164, #863 ) ;
#1614 = CIRCLE ( 'NONE', #371, 1.574999999999998179 ) ;
#1615 = AXIS2_PLACEMENT_3D ( 'NONE', #459, #1038, #1367 ) ;
#1616 = DIRECTION ( 'NONE',  ( 0.000000000000000000, 0.000000000000000000, 1.000000000000000000 ) ) ;
#1617 = VECTOR ( 'NONE', #1623, 1000.000000000000000 ) ;
#1618 = DIRECTION ( 'NONE',  ( -1.000000000000000000, 0.000000000000000000, 0.000000000000000000 ) ) ;
#1619 = ORIENTED_EDGE ( 'NONE', *, *, #1445, .T. ) ;
#1620 = EDGE_CURVE ( 'NONE', #1765, #838, #692, .T. ) ;
#1621 = DIRECTION ( 'NONE',  ( -0.3365758937580416443, -0.9416563426967269335, 0.000000000000000000 ) ) ;
#1622 = ORIENTED_EDGE ( 'NONE', *, *, #1890, .T. ) ;
#1623 = DIRECTION ( 'NONE',  ( -1.000000000000000000, -3.362441617396929081E-16, 0.000000000000000000 ) ) ;
#1624 = CARTESIAN_POINT ( 'NONE',  ( -18.41987835701897325, -14.92925506250734813, 4.000000000000000000 ) ) ;
#1625 = LINE ( 'NONE', #1710, #792 ) ;
#1626 = B_SPLINE_CURVE_WITH_KNOTS ( 'NONE', 3,
 ( #1189, #2308, #294, #651, #2107, #1769, #160, #127, #841, #2274, #661, #1228 ),
 .UNSPECIFIED., .F., .F.,
 ( 4, 2, 2, 2, 2, 4 ),
 ( 0.001532190667385167860, 0.002544056648127417022, 0.003049989638498543446, 0.003555922628869669436, 0.004567788609611920549, 0.005579654590354171662 ),
 .UNSPECIFIED. ) ;
#1627 = DIRECTION ( 'NONE',  ( -0.000000000000000000, -0.000000000000000000, -1.000000000000000000 ) ) ;
#1628 = DIRECTION ( 'NONE',  ( -0.000000000000000000, -0.000000000000000000, -1.000000000000000000 ) ) ;
#1629 = VERTEX_POINT ( 'NONE', #504 ) ;
#1630 = DIRECTION ( 'NONE',  ( -1.000000000000000000, 0.000000000000000000, 0.000000000000000000 ) ) ;
#1631 = EDGE_CURVE ( 'NONE', #946, #2058, #1920, .T. ) ;
#1632 = ORIENTED_EDGE ( 'NONE', *, *, #1605, .F. ) ;
#1633 = DIRECTION ( 'NONE',  ( -2.891205793294678326E-16, 1.000000000000000000, 0.000000000000000000 ) ) ;
#1634 = EDGE_CURVE ( 'NONE', #1765, #184, #1626, .T. ) ;
#1635 = LINE ( 'NONE', #741, #2130 ) ;
#1636 = CARTESIAN_POINT ( 'NONE',  ( -20.54487835701897325, -14.92925506250734813, -1.734723475976807883E-15 ) ) ;
#1637 = ORIENTED_EDGE ( 'NONE', *, *, #247, .F. ) ;
#1638 = DIRECTION ( 'NONE',  ( -1.000000000000000000, 0.000000000000000000, 0.000000000000000000 ) ) ;
#1639 = DIRECTION ( 'NONE',  ( 1.000000000000000000, 3.362441617396929081E-16, -0.000000000000000000 ) ) ;
#1640 = VERTEX_POINT ( 'NONE', #1002 ) ;
#1641 = AXIS2_PLACEMENT_3D ( 'NONE', #1005, #1210, #1922 ) ;
#1642 = LINE ( 'NONE', #239, #1503 ) ;
#1643 = ORIENTED_EDGE ( 'NONE', *, *, #899, .F. ) ;
#1644 = DIRECTION ( 'NONE',  ( -1.000000000000000000, 0.000000000000000000, 0.000000000000000000 ) ) ;
#1645 = CONICAL_SURFACE ( 'NONE', #288, 1.600000000000000755, 0.7853981633977258348 ) ;
#1646 = CIRCLE ( 'NONE', #634, 4.000000000000023981 ) ;
#1647 = FACE_BOUND ( 'NONE', #1299, .T. ) ;
#1648 = CARTESIAN_POINT ( 'NONE',  ( -15.91953397597945319, -8.872867648534841223, 4.208878464277847620 ) ) ;
#1649 = CIRCLE ( 'NONE', #1726, 45.64309122641954275 ) ;
#1650 = VERTEX_POINT ( 'NONE', #2095 ) ;
#1651 = AXIS2_PLACEMENT_3D ( 'NONE', #2242, #995, #1898 ) ;
#1652 = ORIENTED_EDGE ( 'NONE', *, *, #1565, .F. ) ;
#1653 = CARTESIAN_POINT ( 'NONE',  ( 15.20965810667943252, -7.445689176062161962, 4.792497024449988707 ) ) ;
#1654 = EDGE_CURVE ( 'NONE', #268, #1114, #308, .T. ) ;
#1655 = AXIS2_PLACEMENT_3D ( 'NONE', #214, #530, #2177 ) ;
#1656 = DIRECTION ( 'NONE',  ( -1.000000000000000000, -3.362441617396929081E-16, 0.000000000000000000 ) ) ;
#1657 = EDGE_LOOP ( 'NONE', ( #699, #619, #1809, #113 ) ) ;
#1658 = AXIS2_PLACEMENT_3D ( 'NONE', #1597, #1777, #540 ) ;
#1659 = ORIENTED_EDGE ( 'NONE', *, *, #2079, .T. ) ;
#1660 = DIRECTION ( 'NONE',  ( -0.000000000000000000, -1.000000000000000000, -0.000000000000000000 ) ) ;
#1661 = ORIENTED_EDGE ( 'NONE', *, *, #874, .F. ) ;
#1662 = CARTESIAN_POINT ( 'NONE',  ( 0.000000000000000000, 9.500000000000000000, -1.734723475976807883E-15 ) ) ;
#1663 = CARTESIAN_POINT ( 'NONE',  ( -14.99999999999999645, -5.977355505608126229, 5.597283974997625755 ) ) ;
#1664 = ORIENTED_EDGE ( 'NONE', *, *, #1133, .F. ) ;
#1665 = DIRECTION ( 'NONE',  ( -0.000000000000000000, -0.000000000000000000, -1.000000000000000000 ) ) ;
#1666 = EDGE_CURVE ( 'NONE', #2227, #1295, #330, .T. ) ;
#1667 = CARTESIAN_POINT ( 'NONE',  ( -11.07500000000026041, 2.682611179000530885E-13, 0.000000000000000000 ) ) ;
#1668 = ADVANCED_FACE ( 'NONE', ( #861 ), #1031, .F. ) ;
#1669 = CARTESIAN_POINT ( 'NONE',  ( -16.31987835701897893, -14.92925506250734813, 4.000000000000000000 ) ) ;
#1670 = DIRECTION ( 'NONE',  ( -0.000000000000000000, -0.000000000000000000, -1.000000000000000000 ) ) ;
#1671 = ORIENTED_EDGE ( 'NONE', *, *, #845, .T. ) ;
#1672 = B_SPLINE_CURVE_WITH_KNOTS ( 'NONE', 3,
 ( #2295, #680, #639, #826 ),
 .UNSPECIFIED., .F., .F.,
 ( 4, 4 ),
 ( 8.673617379884034509E-19, 0.001307774650025335253 ),
 .UNSPECIFIED. ) ;
#1673 = DIRECTION ( 'NONE',  ( -1.000000000000000000, 3.362441617396929081E-16, -0.000000000000000000 ) ) ;
#1674 = FACE_OUTER_BOUND ( 'NONE', #1823, .T. ) ;
#1675 = ORIENTED_EDGE ( 'NONE', *, *, #1513, .T. ) ;
#1676 = CARTESIAN_POINT ( 'NONE',  ( 15.45657060773874392, 6.019057925492677263, 4.391087028940281911 ) ) ;
#1677 = CARTESIAN_POINT ( 'NONE',  ( 7.899999999999730349, -2.670977034408631172E-13, -1.734723475976807883E-15 ) ) ;
#1678 = ADVANCED_FACE ( 'NONE', ( #136 ), #2117, .T. ) ;
#1679 = DIRECTION ( 'NONE',  ( -0.000000000000000000, -0.000000000000000000, -1.000000000000000000 ) ) ;
#1680 = CARTESIAN_POINT ( 'NONE',  ( 20.51987835701896046, -14.92925506250736234, 0.02499999999999724665 ) ) ;
#1681 = VERTEX_POINT ( 'NONE', #2128 ) ;
#1682 = CARTESIAN_POINT ( 'NONE',  ( 15.00000000000000000, 3.702041028867281369, 0.000000000000000000 ) ) ;
#1683 = DIRECTION ( 'NONE',  ( -0.000000000000000000, -0.000000000000000000, -1.000000000000000000 ) ) ;
#1684 = AXIS2_PLACEMENT_3D ( 'NONE', #397, #1139, #2019 ) ;
#1685 = ORIENTED_EDGE ( 'NONE', *, *, #396, .F. ) ;
#1686 = CARTESIAN_POINT ( 'NONE',  ( 15.17257139030801127, 5.138564455161898081, 4.821935476380108554 ) ) ;
#1687 = AXIS2_PLACEMENT_3D ( 'NONE', #412, #1519, #1495 ) ;
#1688 = CONICAL_SURFACE ( 'NONE', #896, 2.124999999999998224, 0.7853981633976910848 ) ;
#1689 = DIRECTION ( 'NONE',  ( -1.000000000000000000, 0.000000000000000000, 0.000000000000000000 ) ) ;
#1690 = VECTOR ( 'NONE', #1113, 999.9999999999998863 ) ;
#1691 = VECTOR ( 'NONE', #146, 1000.000000000000000 ) ;
#1692 = CARTESIAN_POINT ( 'NONE',  ( -15.00000000000000000, 3.702041028867277372, 5.597283974997632860 ) ) ;
#1693 = CIRCLE ( 'NONE', #2292, 5.000000000000000888 ) ;
#1694 = LINE ( 'NONE', #383, #1690 ) ;
#1695 = ORIENTED_EDGE ( 'NONE', *, *, #378, .F. ) ;
#1696 = EDGE_CURVE ( 'NONE', #1368, #107, #1163, .T. ) ;
#1697 = DIRECTION ( 'NONE',  ( -0.000000000000000000, -0.000000000000000000, -1.000000000000000000 ) ) ;
#1698 = ORIENTED_EDGE ( 'NONE', *, *, #297, .T. ) ;
#1699 = DIRECTION ( 'NONE',  ( 3.584362867660578560E-16, 1.000000000000000000, 0.000000000000000000 ) ) ;
#1700 = EDGE_CURVE ( 'NONE', #1431, #778, #1217, .T. ) ;
#1701 = ORIENTED_EDGE ( 'NONE', *, *, #1145, .F. ) ;
#1702 = DIRECTION ( 'NONE',  ( -0.000000000000000000, -0.000000000000000000, -1.000000000000000000 ) ) ;
#1703 = DIRECTION ( 'NONE',  ( -0.000000000000000000, -0.000000000000000000, -1.000000000000000000 ) ) ;
#1704 = DIRECTION ( 'NONE',  ( -1.000000000000000000, 0.000000000000000000, 0.000000000000000000 ) ) ;
#1705 = CARTESIAN_POINT ( 'NONE',  ( 18.41987835701897325, -14.92925506250736234, 0.02499999999999724665 ) ) ;
#1706 = ORIENTED_EDGE ( 'NONE', *, *, #1218, .T. ) ;
#1707 = EDGE_CURVE ( 'NONE', #1744, #1893, #1135, .T. ) ;
#1708 = FACE_BOUND ( 'NONE', #132, .T. ) ;
#1709 = ORIENTED_EDGE ( 'NONE', *, *, #1764, .F. ) ;
#1710 = CARTESIAN_POINT ( 'NONE',  ( 22.53325074157381991, -15.93444257402482123, 4.000000000000000000 ) ) ;
#1711 = ORIENTED_EDGE ( 'NONE', *, *, #338, .T. ) ;
#1712 = CARTESIAN_POINT ( 'NONE',  ( 15.62470665765859046, -8.404361632292648210, 4.356885744315763809 ) ) ;
#1713 = DIRECTION ( 'NONE',  ( -0.000000000000000000, -0.000000000000000000, -1.000000000000000000 ) ) ;
#1714 = DIRECTION ( 'NONE',  ( -3.584362867660578560E-16, 1.000000000000000000, 0.000000000000000000 ) ) ;
#1715 =( NAMED_UNIT ( * ) SI_UNIT ( $, .STERADIAN. ) SOLID_ANGLE_UNIT ( ) );
#1716 = ORIENTED_EDGE ( 'NONE', *, *, #1190, .T. ) ;
#1717 = APPLICATION_CONTEXT ( 'automotive_design' ) ;
#1718 = FACE_OUTER_BOUND ( 'NONE', #1325, .T. ) ;
#1719 = DIRECTION ( 'NONE',  ( -0.000000000000000000, -0.000000000000000000, -1.000000000000000000 ) ) ;
#1720 = CIRCLE ( 'NONE', #588, 1.574999999999987965 ) ;
#1721 = ORIENTED_EDGE ( 'NONE', *, *, #731, .F. ) ;
#1722 = CIRCLE ( 'NONE', #818, 2.099999999999994316 ) ;
#1723 = FACE_BOUND ( 'NONE', #1239, .T. ) ;
#1724 = EDGE_CURVE ( 'NONE', #647, #134, #1613, .T. ) ;
#1725 = AXIS2_PLACEMENT_3D ( 'NONE', #539, #529, #375 ) ;
#1726 = AXIS2_PLACEMENT_3D ( 'NONE', #279, #854, #272 ) ;
#1727 = CIRCLE ( 'NONE', #1054, 1.574999999999999067 ) ;
#1728 = DIRECTION ( 'NONE',  ( -1.000000000000000000, -3.362441617396929081E-16, 0.000000000000000000 ) ) ;
#1729 = DIRECTION ( 'NONE',  ( -0.9416563426967256012, -0.3365758937580449195, 0.000000000000000000 ) ) ;
#1730 = ORIENTED_EDGE ( 'NONE', *, *, #713, .F. ) ;
#1731 = AXIS2_PLACEMENT_3D ( 'NONE', #532, #1627, #1448 ) ;
#1732 = DIRECTION ( 'NONE',  ( 1.000000000000000000, 0.000000000000000000, -0.000000000000000000 ) ) ;
#1733 = VERTEX_POINT ( 'NONE', #705 ) ;
#1734 = LINE ( 'NONE', #1766, #755 ) ;
#1735 = AXIS2_PLACEMENT_3D ( 'NONE', #142, #2281, #1177 ) ;
#1736 = ORIENTED_EDGE ( 'NONE', *, *, #1921, .F. ) ;
#1737 = DIRECTION ( 'NONE',  ( 1.000000000000000000, 0.000000000000000000, 0.000000000000000000 ) ) ;
#1738 = DIRECTION ( 'NONE',  ( 1.000000000000000000, 0.000000000000000000, -0.000000000000000000 ) ) ;
#1739 = EDGE_CURVE ( 'NONE', #1733, #62, #563, .T. ) ;
#1740 = FACE_OUTER_BOUND ( 'NONE', #2001, .T. ) ;
#1741 = DIRECTION ( 'NONE',  ( 0.000000000000000000, 0.000000000000000000, 1.000000000000000000 ) ) ;
#1742 = ORIENTED_EDGE ( 'NONE', *, *, #746, .T. ) ;
#1743 = CARTESIAN_POINT ( 'NONE',  ( -14.13327635185282460, -22.50000000000000000, 0.000000000000000000 ) ) ;
#1744 = VERTEX_POINT ( 'NONE', #917 ) ;
#1745 = CARTESIAN_POINT ( 'NONE',  ( 12.49999999999999645, 8.174176983866860979, 4.000000000000000000 ) ) ;
#1746 = ORIENTED_EDGE ( 'NONE', *, *, #2069, .F. ) ;
#1747 = CARTESIAN_POINT ( 'NONE',  ( -20.00000000000000355, -5.977355505608152875, 4.000000000000000000 ) ) ;
#1748 = CARTESIAN_POINT ( 'NONE',  ( 0.000000000000000000, 9.500000000000000000, -1.734723475976807883E-15 ) ) ;
#1749 = ORIENTED_EDGE ( 'NONE', *, *, #628, .T. ) ;
#1750 = FACE_OUTER_BOUND ( 'NONE', #1507, .T. ) ;
#1751 = ORIENTED_EDGE ( 'NONE', *, *, #1879, .T. ) ;
#1752 = DIRECTION ( 'NONE',  ( -0.000000000000000000, -0.000000000000000000, -1.000000000000000000 ) ) ;
#1753 = ADVANCED_FACE ( 'NONE', ( #1273 ), #1241, .F. ) ;
#1754 = ORIENTED_EDGE ( 'NONE', *, *, #2135, .F. ) ;
#1755 = CARTESIAN_POINT ( 'NONE',  ( -17.42174074775845583, -10.27839582323685974, 4.000000000000002665 ) ) ;
#1756 = AXIS2_PLACEMENT_3D ( 'NONE', #2119, #520, #498 ) ;
#1757 = VECTOR ( 'NONE', #1639, 1000.000000000000000 ) ;
#1758 = CARTESIAN_POINT ( 'NONE',  ( 15.31222719351432460, -17.64098004604368342, 0.000000000000000000 ) ) ;
#1759 = VECTOR ( 'NONE', #789, 1000.000000000000000 ) ;
#1760 = VERTEX_POINT ( 'NONE', #343 ) ;
#1761 = CIRCLE ( 'NONE', #2097, 40.70576098207487803 ) ;
#1762 = AXIS2_PLACEMENT_3D ( 'NONE', #897, #204, #734 ) ;
#1763 = DIRECTION ( 'NONE',  ( -0.000000000000000000, -0.000000000000000000, -1.000000000000000000 ) ) ;
#1764 = EDGE_CURVE ( 'NONE', #1575, #1176, #2178, .T. ) ;
#1765 = VERTEX_POINT ( 'NONE', #43 ) ;
#1766 = CARTESIAN_POINT ( 'NONE',  ( -18.31712053120977401, -10.68563721909179165, 0.000000000000000000 ) ) ;
#1767 = VERTEX_POINT ( 'NONE', #31 ) ;
#1768 = VECTOR ( 'NONE', #133, 1000.000000000000114 ) ;
#1769 = CARTESIAN_POINT ( 'NONE',  ( -15.59289269533825717, 6.307661286704726145, 4.295566353052004516 ) ) ;
#1770 = DIRECTION ( 'NONE',  ( -0.7071067811867682851, 0.000000000000000000, -0.7071067811863266384 ) ) ;
#1771 = ORIENTED_EDGE ( 'NONE', *, *, #247, .T. ) ;
#1772 = DIRECTION ( 'NONE',  ( -0.000000000000000000, -0.000000000000000000, -1.000000000000000000 ) ) ;
#1773 = ORIENTED_EDGE ( 'NONE', *, *, #1051, .T. ) ;
#1774 = DIRECTION ( 'NONE',  ( -1.000000000000000000, 0.000000000000000000, 0.000000000000000000 ) ) ;
#1775 = ORIENTED_EDGE ( 'NONE', *, *, #1465, .T. ) ;
#1776 = FACE_OUTER_BOUND ( 'NONE', #918, .T. ) ;
#1777 = DIRECTION ( 'NONE',  ( -0.000000000000000000, -0.000000000000000000, -1.000000000000000000 ) ) ;
#1778 = EDGE_CURVE ( 'NONE', #384, #913, #2191, .T. ) ;
#1779 =( NAMED_UNIT ( * ) PLANE_ANGLE_UNIT ( ) SI_UNIT ( $, .RADIAN. ) );
#1780 = CARTESIAN_POINT ( 'NONE',  ( -23.00000000000003197, -5.977355505608128894, 5.597283974997625755 ) ) ;
#1781 = ORIENTED_EDGE ( 'NONE', *, *, #832, .T. ) ;
#1782 = CARTESIAN_POINT ( 'NONE',  ( -23.00000000000003553, 3.702041028867275152, 5.597283974997632860 ) ) ;
#1783 = EDGE_LOOP ( 'NONE', ( #2003, #1817 ) ) ;
#1784 = CARTESIAN_POINT ( 'NONE',  ( 12.49999999999999645, 8.174176983866860979, 10.00000000000000000 ) ) ;
#1785 = ORIENTED_EDGE ( 'NONE', *, *, #2046, .F. ) ;
#1786 = DIRECTION ( 'NONE',  ( -1.000000000000000000, 0.000000000000000000, 0.000000000000000000 ) ) ;
#1787 = LINE ( 'NONE', #1458, #1469 ) ;
#1788 = DIRECTION ( 'NONE',  ( 1.000000000000000000, 0.000000000000000000, 0.000000000000000000 ) ) ;
#1789 = EDGE_CURVE ( 'NONE', #2283, #913, #1821, .T. ) ;
#1790 = CARTESIAN_POINT ( 'NONE',  ( 14.49450931879819393, -17.40531539028171437, -1.734723475976807094E-15 ) ) ;
#1791 = AXIS2_PLACEMENT_3D ( 'NONE', #1278, #2195, #1110 ) ;
#1792 = EDGE_LOOP ( 'NONE', ( #293, #1216, #1364, #1419 ) ) ;
#1793 = AXIS2_PLACEMENT_3D ( 'NONE', #342, #691, #1409 ) ;
#1794 = DIRECTION ( 'NONE',  ( -1.000000000000000000, 0.000000000000000000, 0.000000000000000000 ) ) ;
#1795 = ORIENTED_EDGE ( 'NONE', *, *, #1378, .T. ) ;
#1796 = VECTOR ( 'NONE', #1405, 1000.000000000000000 ) ;
#1797 = LINE ( 'NONE', #728, #301 ) ;
#1798 = AXIS2_PLACEMENT_3D ( 'NONE', #573, #1296, #2004 ) ;
#1799 = CIRCLE ( 'NONE', #1762, 3.000000000000002665 ) ;
#1800 = DIRECTION ( 'NONE',  ( -0.000000000000000000, -0.000000000000000000, -1.000000000000000000 ) ) ;
#1801 = CARTESIAN_POINT ( 'NONE',  ( 14.49450931879819393, -17.40531539028171437, -1.734723475976807094E-15 ) ) ;
#1802 = AXIS2_PLACEMENT_3D ( 'NONE', #193, #933, #722 ) ;
#1803 = VECTOR ( 'NONE', #611, 999.9999999999998863 ) ;
#1804 = DIRECTION ( 'NONE',  ( 0.000000000000000000, 0.000000000000000000, 1.000000000000000000 ) ) ;
#1805 = DIRECTION ( 'NONE',  ( -0.000000000000000000, -0.000000000000000000, -1.000000000000000000 ) ) ;
#1806 = ORIENTED_EDGE ( 'NONE', *, *, #1073, .F. ) ;
#1807 = ADVANCED_FACE ( 'NONE', ( #1425 ), #336, .F. ) ;
#1808 = DIRECTION ( 'NONE',  ( 0.000000000000000000, 0.000000000000000000, -1.000000000000000000 ) ) ;
#1809 = ORIENTED_EDGE ( 'NONE', *, *, #2167, .F. ) ;
#1810 = DIRECTION ( 'NONE',  ( -2.891205793294678326E-16, -1.000000000000000000, 0.000000000000000000 ) ) ;
#1811 = DIRECTION ( 'NONE',  ( -0.3365758937580445309, 0.9416563426967258232, 0.000000000000000000 ) ) ;
#1812 = CARTESIAN_POINT ( 'NONE',  ( -1.600000000000000755, 9.500000000000000000, -1.734723475976807883E-15 ) ) ;
#1813 = CARTESIAN_POINT ( 'NONE',  ( -9.500000000000266454, 2.682611179000530885E-13, 4.000000000000000000 ) ) ;
#1814 = CYLINDRICAL_SURFACE ( 'NONE', #1938, 6.000000000000000000 ) ;
#1815 = EDGE_LOOP ( 'NONE', ( #238, #466, #569, #1123 ) ) ;
#1816 = CARTESIAN_POINT ( 'NONE',  ( -1.600000000000537215, -9.500000000000000000, -1.734723475976807883E-15 ) ) ;
#1817 = ORIENTED_EDGE ( 'NONE', *, *, #1833, .F. ) ;
#1818 = CARTESIAN_POINT ( 'NONE',  ( -15.39999999999997193, 13.50000000000002132, 4.000000000000000000 ) ) ;
#1819 = EDGE_CURVE ( 'NONE', #32, #2283, #1546, .T. ) ;
#1820 = DIRECTION ( 'NONE',  ( -1.000000000000000000, 0.000000000000000000, 0.000000000000000000 ) ) ;
#1821 = LINE ( 'NONE', #721, #1947 ) ;
#1822 = VERTEX_POINT ( 'NONE', #1254 ) ;
#1823 = EDGE_LOOP ( 'NONE', ( #1955, #243, #2068, #1196 ) ) ;
#1824 = DIRECTION ( 'NONE',  ( 1.000000000000000000, 3.362441617396929081E-16, 0.000000000000000000 ) ) ;
#1825 = DIRECTION ( 'NONE',  ( -0.000000000000000000, -0.000000000000000000, 1.000000000000000000 ) ) ;
#1826 = EDGE_LOOP ( 'NONE', ( #937, #1991, #60, #1695 ) ) ;
#1827 = ORIENTED_EDGE ( 'NONE', *, *, #143, .F. ) ;
#1828 = VECTOR ( 'NONE', #1290, 1000.000000000000000 ) ;
#1829 = PLANE ( 'NONE',  #1315 ) ;
#1830 = VERTEX_POINT ( 'NONE', #1072 ) ;
#1831 = CARTESIAN_POINT ( 'NONE',  ( 12.49999999999999822, 4.857552193511462946, 5.000000000000000000 ) ) ;
#1832 = CIRCLE ( 'NONE', #590, 6.000000000000000000 ) ;
#1833 = EDGE_CURVE ( 'NONE', #434, #1295, #523, .T. ) ;
#1834 = AXIS2_PLACEMENT_3D ( 'NONE', #12, #1253, #351 ) ;
#1835 = LINE ( 'NONE', #2033, #405 ) ;
#1836 = CARTESIAN_POINT ( 'NONE',  ( -18.41987835701897325, -14.92925506250734813, 0.02499999999999724665 ) ) ;
#1837 = AXIS2_PLACEMENT_3D ( 'NONE', #372, #2122, #1583 ) ;
#1838 = VERTEX_POINT ( 'NONE', #1083 ) ;
#1839 = AXIS2_PLACEMENT_3D ( 'NONE', #725, #544, #1267 ) ;
#1840 = LINE ( 'NONE', #1086, #2291 ) ;
#1841 = AXIS2_PLACEMENT_3D ( 'NONE', #883, #1074, #354 ) ;
#1842 = DIRECTION ( 'NONE',  ( -0.7071067811867437491, 0.000000000000000000, -0.7071067811863512853 ) ) ;
#1843 = CIRCLE ( 'NONE', #234, 2.999999999999999112 ) ;
#1844 = ORIENTED_EDGE ( 'NONE', *, *, #697, .T. ) ;
#1845 = CARTESIAN_POINT ( 'NONE',  ( -15.39999999999997193, 13.50000000000002132, 0.000000000000000000 ) ) ;
#1846 = ORIENTED_EDGE ( 'NONE', *, *, #1100, .T. ) ;
#1847 = DIRECTION ( 'NONE',  ( -0.000000000000000000, -0.000000000000000000, -1.000000000000000000 ) ) ;
#1848 = DIRECTION ( 'NONE',  ( -1.000000000000000000, 0.000000000000000000, 0.000000000000000000 ) ) ;
#1849 = ORIENTED_EDGE ( 'NONE', *, *, #1739, .T. ) ;
#1850 = DIRECTION ( 'NONE',  ( 0.000000000000000000, 0.000000000000000000, -1.000000000000000000 ) ) ;
#1851 = EDGE_CURVE ( 'NONE', #1068, #165, #1206, .T. ) ;
#1852 = DIRECTION ( 'NONE',  ( 3.584362867660578560E-16, 1.000000000000000000, 0.000000000000000000 ) ) ;
#1853 = ORIENTED_EDGE ( 'NONE', *, *, #245, .F. ) ;
#1854 = CARTESIAN_POINT ( 'NONE',  ( 0.000000000000000000, 9.500000000000000000, 4.000000000000000000 ) ) ;
#1855 = VERTEX_POINT ( 'NONE', #1961 ) ;
#1856 = DIRECTION ( 'NONE',  ( -1.000000000000000000, 0.000000000000000000, 0.000000000000000000 ) ) ;
#1857 = CYLINDRICAL_SURFACE ( 'NONE', #1915, 2.099999999999994316 ) ;
#1858 = ORIENTED_EDGE ( 'NONE', *, *, #845, .F. ) ;
#1859 = CARTESIAN_POINT ( 'NONE',  ( 16.25561374822955329, -9.311560365018733521, 4.101108421907827761 ) ) ;
#1860 = DIRECTION ( 'NONE',  ( -0.000000000000000000, -0.000000000000000000, -1.000000000000000000 ) ) ;
#1861 = EDGE_CURVE ( 'NONE', #1114, #1650, #1994, .T. ) ;
#1862 = CARTESIAN_POINT ( 'NONE',  ( 0.000000000000000000, 9.500000000000000000, 0.000000000000000000 ) ) ;
#1863 = CARTESIAN_POINT ( 'NONE',  ( -5.365222358001061769E-13, -9.500000000000000000, 0.000000000000000000 ) ) ;
#1864 = ORIENTED_EDGE ( 'NONE', *, *, #353, .T. ) ;
#1865 = DIRECTION ( 'NONE',  ( 1.000000000000000000, 0.000000000000000000, 0.000000000000000000 ) ) ;
#1866 = ORIENTED_EDGE ( 'NONE', *, *, #1481, .F. ) ;
#1867 = CIRCLE ( 'NONE', #2247, 6.000000000000001776 ) ;
#1868 = DIRECTION ( 'NONE',  ( -0.000000000000000000, -0.000000000000000000, -1.000000000000000000 ) ) ;
#1869 = CIRCLE ( 'NONE', #1834, 2.124999999999998224 ) ;
#1870 = VERTEX_POINT ( 'NONE', #1801 ) ;
#1871 = CARTESIAN_POINT ( 'NONE',  ( 18.31712053120981665, -10.68563721909179520, 4.000000000000000000 ) ) ;
#1872 = DIRECTION ( 'NONE',  ( -1.000000000000000000, 0.000000000000000000, 0.000000000000000000 ) ) ;
#1873 = VECTOR ( 'NONE', #1147, 1000.000000000000000 ) ;
#1874 = AXIS2_PLACEMENT_3D ( 'NONE', #1747, #115, #1410 ) ;
#1875 = ADVANCED_FACE ( 'NONE', ( #1262 ), #1318, .F. ) ;
#1876 = FACE_OUTER_BOUND ( 'NONE', #40, .T. ) ;
#1877 = FACE_OUTER_BOUND ( 'NONE', #431, .T. ) ;
#1878 = ORIENTED_EDGE ( 'NONE', *, *, #438, .F. ) ;
#1879 = EDGE_CURVE ( 'NONE', #447, #596, #1787, .T. ) ;
#1880 = EDGE_CURVE ( 'NONE', #1681, #1959, #1625, .T. ) ;
#1881 = CARTESIAN_POINT ( 'NONE',  ( -19.53325074157381991, -15.93444257402482123, 0.000000000000000000 ) ) ;
#1882 = CARTESIAN_POINT ( 'NONE',  ( -19.00000000000000000, 13.49999999999999467, 0.000000000000000000 ) ) ;
#1883 = EDGE_CURVE ( 'NONE', #1931, #1178, #1496, .T. ) ;
#1884 = ORIENTED_EDGE ( 'NONE', *, *, #144, .T. ) ;
#1885 = DIRECTION ( 'NONE',  ( -2.891205793294678326E-16, -1.000000000000000000, 0.000000000000000000 ) ) ;
#1886 = CARTESIAN_POINT ( 'NONE',  ( 16.99999999999999645, 8.174176983866860979, 4.000000000000000000 ) ) ;
#1887 = CARTESIAN_POINT ( 'NONE',  ( -14.99999999999999822, -5.977355505608161756, 0.000000000000000000 ) ) ;
#1888 = VERTEX_POINT ( 'NONE', #790 ) ;
#1889 = LINE ( 'NONE', #1529, #1538 ) ;
#1890 = EDGE_CURVE ( 'NONE', #2196, #739, #601, .T. ) ;
#1891 = ORIENTED_EDGE ( 'NONE', *, *, #834, .T. ) ;
#1892 = DIRECTION ( 'NONE',  ( 0.000000000000000000, 0.000000000000000000, 1.000000000000000000 ) ) ;
#1893 = VERTEX_POINT ( 'NONE', #448 ) ;
#1894 = ADVANCED_FACE ( 'NONE', ( #2202 ), #1324, .T. ) ;
#1895 = FACE_BOUND ( 'NONE', #1783, .T. ) ;
#1896 = LINE ( 'NONE', #1361, #2096 ) ;
#1897 = CARTESIAN_POINT ( 'NONE',  ( -18.31712053120977401, -10.68563721909179165, 4.000000000000000000 ) ) ;
#1898 = DIRECTION ( 'NONE',  ( -1.000000000000000000, 0.000000000000000000, 0.000000000000000000 ) ) ;
#1899 = ORIENTED_EDGE ( 'NONE', *, *, #1220, .T. ) ;
#1900 = DIRECTION ( 'NONE',  ( 0.000000000000000000, 0.000000000000000000, 1.000000000000000000 ) ) ;
#1901 = ORIENTED_EDGE ( 'NONE', *, *, #68, .F. ) ;
#1902 = DIRECTION ( 'NONE',  ( 0.000000000000000000, 0.000000000000000000, 1.000000000000000000 ) ) ;
#1903 = AXIS2_PLACEMENT_3D ( 'NONE', #2206, #429, #248 ) ;
#1904 = ADVANCED_FACE ( 'NONE', ( #99 ), #1857, .F. ) ;
#1905 = ORIENTED_EDGE ( 'NONE', *, *, #321, .F. ) ;
#1906 = DIRECTION ( 'NONE',  ( 0.000000000000000000, 0.000000000000000000, 1.000000000000000000 ) ) ;
#1907 = CIRCLE ( 'NONE', #73, 5.000000000000000888 ) ;
#1908 = VECTOR ( 'NONE', #776, 1000.000000000000000 ) ;
#1909 = PRODUCT_DEFINITION_FORMATION_WITH_SPECIFIED_SOURCE ( 'HERHANG�', '', #719, .NOT_KNOWN. ) ;
#1910 = CIRCLE ( 'NONE', #1651, 2.999999999999999112 ) ;
#1911 = CYLINDRICAL_SURFACE ( 'NONE', #441, 4.000000000000023981 ) ;
#1912 = CARTESIAN_POINT ( 'NONE',  ( -19.62499999999996803, 13.50000000000002132, -1.734723475976807883E-15 ) ) ;
#1913 = EDGE_LOOP ( 'NONE', ( #287, #339, #2133, #786 ) ) ;
#1914 = AXIS2_PLACEMENT_3D ( 'NONE', #1379, #1906, #1738 ) ;
#1915 = AXIS2_PLACEMENT_3D ( 'NONE', #433, #2007, #2056 ) ;
#1916 = CYLINDRICAL_SURFACE ( 'NONE', #2211, 10.00000000000000178 ) ;
#1917 = ORIENTED_EDGE ( 'NONE', *, *, #382, .F. ) ;
#1918 = CARTESIAN_POINT ( 'NONE',  ( -19.80000000000000071, 9.580816411546885902, 4.000000000000000000 ) ) ;
#1919 = EDGE_LOOP ( 'NONE', ( #393, #828, #195, #1584 ) ) ;
#1920 = LINE ( 'NONE', #1369, #79 ) ;
#1921 = EDGE_CURVE ( 'NONE', #1629, #565, #943, .T. ) ;
#1922 = DIRECTION ( 'NONE',  ( -1.000000000000000000, 0.000000000000000000, 0.000000000000000000 ) ) ;
#1923 = ORIENTED_EDGE ( 'NONE', *, *, #1394, .T. ) ;
#1924 = CARTESIAN_POINT ( 'NONE',  ( 22.53325074157381636, -15.93444257402479280, 0.000000000000000000 ) ) ;
#1925 = ORIENTED_EDGE ( 'NONE', *, *, #497, .T. ) ;
#1926 = CARTESIAN_POINT ( 'NONE',  ( -5.365222358001061769E-13, -9.500000000000000000, -1.734723475976807883E-15 ) ) ;
#1927 = VERTEX_POINT ( 'NONE', #622 ) ;
#1928 = CARTESIAN_POINT ( 'NONE',  ( 15.81615582064305237, -17.79171828651637099, 0.000000000000000000 ) ) ;
#1929 = EDGE_CURVE ( 'NONE', #2246, #499, #602, .T. ) ;
#1930 = CARTESIAN_POINT ( 'NONE',  ( -18.52352306029968432, -18.75941160211500147, 0.000000000000000000 ) ) ;
#1931 = VERTEX_POINT ( 'NONE', #1129 ) ;
#1932 = ADVANCED_FACE ( 'NONE', ( #252 ), #1487, .T. ) ;
#1933 = CARTESIAN_POINT ( 'NONE',  ( 9.499999999999729994, -2.670977034408631172E-13, 0.000000000000000000 ) ) ;
#1934 = ORIENTED_EDGE ( 'NONE', *, *, #1249, .F. ) ;
#1935 = DIRECTION ( 'NONE',  ( 0.7071067811867437491, 8.659560562357336419E-17, -0.7071067811863512853 ) ) ;
#1936 = ORIENTED_EDGE ( 'NONE', *, *, #382, .T. ) ;
#1937 = CARTESIAN_POINT ( 'NONE',  ( -18.41987835701897325, -14.92925506250734813, 4.000000000000000000 ) ) ;
#1938 = AXIS2_PLACEMENT_3D ( 'NONE', #1449, #220, #935 ) ;
#1939 = DIRECTION ( 'NONE',  ( -0.9416563426967264894, 0.3365758937580424215, 0.000000000000000000 ) ) ;
#1940 = CIRCLE ( 'NONE', #182, 3.000000000000002665 ) ;
#1941 = ORIENTED_EDGE ( 'NONE', *, *, #659, .F. ) ;
#1942 = CIRCLE ( 'NONE', #1238, 3.000000000000002665 ) ;
#1943 = AXIS2_PLACEMENT_3D ( 'NONE', #2129, #1244, #344 ) ;
#1944 = CARTESIAN_POINT ( 'NONE',  ( 15.00000000000000000, 3.702041028867284922, 4.000000000000000000 ) ) ;
#1945 = EDGE_LOOP ( 'NONE', ( #1293, #389 ) ) ;
#1946 = DIRECTION ( 'NONE',  ( -1.000000000000000000, 0.000000000000000000, 0.000000000000000000 ) ) ;
#1947 = VECTOR ( 'NONE', #22, 1000.000000000000000 ) ;
#1948 = ORIENTED_EDGE ( 'NONE', *, *, #1778, .F. ) ;
#1949 = DIRECTION ( 'NONE',  ( -1.000000000000000000, 0.000000000000000000, 0.000000000000000000 ) ) ;
#1950 = AXIS2_PLACEMENT_3D ( 'NONE', #363, #201, #387 ) ;
#1951 = CARTESIAN_POINT ( 'NONE',  ( -16.14455765563159062, -9.166361286768324845, 4.136860206059982836 ) ) ;
#1952 = EDGE_CURVE ( 'NONE', #1520, #1037, #561, .T. ) ;
#1953 = LINE ( 'NONE', #693, #597 ) ;
#1954 = CARTESIAN_POINT ( 'NONE',  ( 16.31987835701897893, -14.92925506250736234, 4.000000000000000000 ) ) ;
#1955 = ORIENTED_EDGE ( 'NONE', *, *, #2064, .F. ) ;
#1956 = CYLINDRICAL_SURFACE ( 'NONE', #75, 10.00000000000000000 ) ;
#1957 = ORIENTED_EDGE ( 'NONE', *, *, #245, .T. ) ;
#1958 = CARTESIAN_POINT ( 'NONE',  ( -18.41987835701897325, -14.92925506250734813, -1.734723475976807883E-15 ) ) ;
#1959 = VERTEX_POINT ( 'NONE', #963 ) ;
#1960 = DIRECTION ( 'NONE',  ( -0.000000000000000000, -0.000000000000000000, -1.000000000000000000 ) ) ;
#1961 = CARTESIAN_POINT ( 'NONE',  ( 20.54297842284792708, -11.48122481860926136, 4.000000000000000000 ) ) ;
#1962 = CYLINDRICAL_SURFACE ( 'NONE', #2217, 5.000000000000000888 ) ;
#1963 = DIRECTION ( 'NONE',  ( -0.000000000000000000, -0.000000000000000000, -1.000000000000000000 ) ) ;
#1964 = ORIENTED_EDGE ( 'NONE', *, *, #326, .F. ) ;
#1965 = DIRECTION ( 'NONE',  ( -0.000000000000000000, -0.000000000000000000, -1.000000000000000000 ) ) ;
#1966 = ORIENTED_EDGE ( 'NONE', *, *, #799, .F. ) ;
#1967 = CARTESIAN_POINT ( 'NONE',  ( -22.53325074157381280, -15.93444257402482123, 0.000000000000000000 ) ) ;
#1968 = PLANE ( 'NONE',  #2286 ) ;
#1969 = DIRECTION ( 'NONE',  ( -0.000000000000000000, -0.000000000000000000, -1.000000000000000000 ) ) ;
#1970 = ADVANCED_FACE ( 'NONE', ( #2034 ), #398, .F. ) ;
#1971 = FACE_OUTER_BOUND ( 'NONE', #1375, .T. ) ;
#1972 = EDGE_CURVE ( 'NONE', #222, #1927, #979, .T. ) ;
#1973 = EDGE_CURVE ( 'NONE', #1295, #434, #46, .T. ) ;
#1974 = AXIS2_PLACEMENT_3D ( 'NONE', #2049, #617, #1352 ) ;
#1975 = DIRECTION ( 'NONE',  ( -0.000000000000000000, -0.000000000000000000, -1.000000000000000000 ) ) ;
#1976 = VERTEX_POINT ( 'NONE', #954 ) ;
#1977 = ADVANCED_FACE ( 'NONE', ( #1674 ), #2029, .F. ) ;
#1978 = FACE_OUTER_BOUND ( 'NONE', #2041, .T. ) ;
#1979 = ORIENTED_EDGE ( 'NONE', *, *, #1833, .T. ) ;
#1980 = FACE_OUTER_BOUND ( 'NONE', #1657, .T. ) ;
#1981 = AXIS2_PLACEMENT_3D ( 'NONE', #879, #2152, #1810 ) ;
#1982 = PRESENTATION_LAYER_ASSIGNMENT (  '', '', ( #1162 ) ) ;
#1983 = DIRECTION ( 'NONE',  ( -1.000000000000000000, 0.000000000000000000, 0.000000000000000000 ) ) ;
#1984 = CARTESIAN_POINT ( 'NONE',  ( -15.31751798144106047, -7.766041944609526126, 4.622198411213922498 ) ) ;
#1985 = AXIS2_PLACEMENT_3D ( 'NONE', #894, #376, #908 ) ;
#1986 = CARTESIAN_POINT ( 'NONE',  ( -19.53325074157381991, -14.30619384669944871, 0.000000000000000000 ) ) ;
#1987 = LINE ( 'NONE', #1780, #967 ) ;
#1988 = EDGE_CURVE ( 'NONE', #2093, #727, #1019, .T. ) ;
#1989 = VERTEX_POINT ( 'NONE', #802 ) ;
#1990 = DIRECTION ( 'NONE',  ( 1.000000000000000000, 0.000000000000000000, 0.000000000000000000 ) ) ;
#1991 = ORIENTED_EDGE ( 'NONE', *, *, #899, .T. ) ;
#1992 = DIRECTION ( 'NONE',  ( -1.000000000000000000, 0.000000000000000000, 0.000000000000000000 ) ) ;
#1993 = CYLINDRICAL_SURFACE ( 'NONE', #110, 2.099999999999994316 ) ;
#1994 = LINE ( 'NONE', #1636, #1017 ) ;
#1995 = ORIENTED_EDGE ( 'NONE', *, *, #2024, .F. ) ;
#1996 = ORIENTED_EDGE ( 'NONE', *, *, #1263, .T. ) ;
#1997 = LINE ( 'NONE', #390, #598 ) ;
#1998 = LINE ( 'NONE', #910, #1233 ) ;
#1999 = ORIENTED_EDGE ( 'NONE', *, *, #1724, .F. ) ;
#2000 = EDGE_CURVE ( 'NONE', #134, #1431, #1693, .T. ) ;
#2001 = EDGE_LOOP ( 'NONE', ( #669, #961, #2234, #105 ) ) ;
#2002 = DIRECTION ( 'NONE',  ( -1.000000000000000000, 0.000000000000000000, 0.000000000000000000 ) ) ;
#2003 = ORIENTED_EDGE ( 'NONE', *, *, #1973, .F. ) ;
#2004 = DIRECTION ( 'NONE',  ( -1.000000000000000000, 0.000000000000000000, 0.000000000000000000 ) ) ;
#2005 = EDGE_CURVE ( 'NONE', #1114, #222, #1091, .T. ) ;
#2006 = DIRECTION ( 'NONE',  ( -1.000000000000000000, 3.584362867660578560E-16, 1.554469603237588787E-31 ) ) ;
#2007 = DIRECTION ( 'NONE',  ( -0.000000000000000000, -0.000000000000000000, -1.000000000000000000 ) ) ;
#2008 = EDGE_LOOP ( 'NONE', ( #1034, #1899, #54, #688 ) ) ;
#2009 = ORIENTED_EDGE ( 'NONE', *, *, #1117, .F. ) ;
#2010 = DIRECTION ( 'NONE',  ( 0.000000000000000000, 0.000000000000000000, 1.000000000000000000 ) ) ;
#2011 = CARTESIAN_POINT ( 'NONE',  ( 20.54297842284792708, -11.48122481860926136, 0.000000000000000000 ) ) ;
#2012 = AXIS2_PLACEMENT_3D ( 'NONE', #440, #984, #1704 ) ;
#2013 = ORIENTED_EDGE ( 'NONE', *, *, #1394, .F. ) ;
#2014 = CIRCLE ( 'NONE', #1155, 6.000000000000000000 ) ;
#2015 = CARTESIAN_POINT ( 'NONE',  ( 12.50000000000000355, -10.44949146060770673, 4.000000000000000000 ) ) ;
#2016 = VERTEX_POINT ( 'NONE', #1663 ) ;
#2017 = CIRCLE ( 'NONE', #517, 2.099999999999990763 ) ;
#2018 = AXIS2_PLACEMENT_3D ( 'NONE', #698, #1621, #2137 ) ;
#2019 = DIRECTION ( 'NONE',  ( -1.000000000000000000, 0.000000000000000000, 0.000000000000000000 ) ) ;
#2020 = EDGE_CURVE ( 'NONE', #1629, #1120, #494, .T. ) ;
#2021 = DIRECTION ( 'NONE',  ( 0.000000000000000000, 0.000000000000000000, 1.000000000000000000 ) ) ;
#2022 = AXIS2_PLACEMENT_3D ( 'NONE', #1863, #394, #2002 ) ;
#2023 = EDGE_LOOP ( 'NONE', ( #1806, #2216, #577, #209 ) ) ;
#2024 = EDGE_CURVE ( 'NONE', #1830, #905, #2066, .T. ) ;
#2025 = VECTOR ( 'NONE', #2229, 1000.000000000000000 ) ;
#2026 = CARTESIAN_POINT ( 'NONE',  ( -14.99999999999999822, -5.977355505608161756, 4.000000000000000000 ) ) ;
#2027 = AXIS2_PLACEMENT_3D ( 'NONE', #586, #2021, #1166 ) ;
#2028 = CARTESIAN_POINT ( 'NONE',  ( 11.09999999999973141, -2.669017599529995308E-13, -1.734723475976807883E-15 ) ) ;
#2029 = CONICAL_SURFACE ( 'NONE', #2258, 2.125000000000001776, 0.7853981633977604737 ) ;
#2030 = CARTESIAN_POINT ( 'NONE',  ( 19.79999999999998295, 9.580816411546910771, 4.000000000000000000 ) ) ;
#2031 = CARTESIAN_POINT ( 'NONE',  ( -9.500000000000266454, 2.682611179000530885E-13, -1.734723475976807883E-15 ) ) ;
#2032 = ORIENTED_EDGE ( 'NONE', *, *, #635, .F. ) ;
#2033 = CARTESIAN_POINT ( 'NONE',  ( -15.00000000000000533, -10.44949146060770673, 4.000000000000000000 ) ) ;
#2034 = FACE_OUTER_BOUND ( 'NONE', #613, .T. ) ;
#2035 = EDGE_CURVE ( 'NONE', #1547, #1855, #1843, .T. ) ;
#2036 = ORIENTED_EDGE ( 'NONE', *, *, #2154, .F. ) ;
#2037 = DIRECTION ( 'NONE',  ( 1.000000000000000000, 0.000000000000000000, 0.000000000000000000 ) ) ;
#2038 = FACE_OUTER_BOUND ( 'NONE', #1043, .T. ) ;
#2039 = CARTESIAN_POINT ( 'NONE',  ( -15.11231845728875989, 4.857552193511463834, 4.999999999999999112 ) ) ;
#2040 = DIRECTION ( 'NONE',  ( -0.000000000000000000, -0.000000000000000000, -1.000000000000000000 ) ) ;
#2041 = EDGE_LOOP ( 'NONE', ( #840, #1057, #765, #2073 ) ) ;
#2042 = CARTESIAN_POINT ( 'NONE',  ( -7.925000000000278710, 2.684539997709188007E-13, 0.02499999999999724665 ) ) ;
#2043 = CARTESIAN_POINT ( 'NONE',  ( -17.49999999999996803, 13.50000000000002132, -1.734723475976807883E-15 ) ) ;
#2044 = EDGE_LOOP ( 'NONE', ( #885, #2113, #2051, #1400 ) ) ;
#2045 = CARTESIAN_POINT ( 'NONE',  ( -14.49450931879815663, -17.40531539028170016, -1.734723475976807094E-15 ) ) ;
#2046 = EDGE_CURVE ( 'NONE', #2151, #739, #1392, .T. ) ;
#2047 = FACE_OUTER_BOUND ( 'NONE', #1214, .T. ) ;
#2048 = EDGE_CURVE ( 'NONE', #856, #72, #1028, .T. ) ;
#2049 = CARTESIAN_POINT ( 'NONE',  ( -23.00000000000003553, -1.137657238370434420, 46.01431377447579507 ) ) ;
#2050 = DIRECTION ( 'NONE',  ( -1.000000000000000000, 0.000000000000000000, 0.000000000000000000 ) ) ;
#2051 = ORIENTED_EDGE ( 'NONE', *, *, #2094, .F. ) ;
#2052 = AXIS2_PLACEMENT_3D ( 'NONE', #1229, #285, #310 ) ;
#2053 = CARTESIAN_POINT ( 'NONE',  ( -14.49450931879815663, -17.40531539028170016, 4.000000000000000000 ) ) ;
#2054 = ORIENTED_EDGE ( 'NONE', *, *, #860, .F. ) ;
#2055 = VECTOR ( 'NONE', #1825, 1000.000000000000000 ) ;
#2056 = DIRECTION ( 'NONE',  ( -1.000000000000000000, 0.000000000000000000, 0.000000000000000000 ) ) ;
#2057 = AXIS2_PLACEMENT_3D ( 'NONE', #404, #1713, #1171 ) ;
#2058 = VERTEX_POINT ( 'NONE', #1745 ) ;
#2059 = CARTESIAN_POINT ( 'NONE',  ( 15.39999999999997904, 13.50000000000002842, 0.02499999999999724665 ) ) ;
#2060 = AXIS2_PLACEMENT_3D ( 'NONE', #1562, #1574, #2089 ) ;
#2061 = CARTESIAN_POINT ( 'NONE',  ( 19.53325074157381991, -15.93444257402482123, 4.000000000000000000 ) ) ;
#2062 = VECTOR ( 'NONE', #207, 1000.000000000000000 ) ;
#2063 = AXIS2_PLACEMENT_3D ( 'NONE', #2265, #1393, #496 ) ;
#2064 = EDGE_CURVE ( 'NONE', #2071, #1976, #316, .T. ) ;
#2065 = CARTESIAN_POINT ( 'NONE',  ( -14.99999999999999822, 4.111954131925924294, 5.439016358715405453 ) ) ;
#2066 = CIRCLE ( 'NONE', #2179, 1.600000000000000755 ) ;
#2067 = DIRECTION ( 'NONE',  ( -2.891205793294677833E-16, -1.000000000000000000, 0.000000000000000000 ) ) ;
#2068 = ORIENTED_EDGE ( 'NONE', *, *, #139, .T. ) ;
#2069 = EDGE_CURVE ( 'NONE', #2193, #1989, #1734, .T. ) ;
#2070 = DIRECTION ( 'NONE',  ( 0.000000000000000000, 0.000000000000000000, 1.000000000000000000 ) ) ;
#2071 = VERTEX_POINT ( 'NONE', #1027 ) ;
#2072 = CARTESIAN_POINT ( 'NONE',  ( -19.53325074157381991, -14.30619384669944871, 4.000000000000000000 ) ) ;
#2073 = ORIENTED_EDGE ( 'NONE', *, *, #1973, .T. ) ;
#2074 = DIRECTION ( 'NONE',  ( -1.000000000000000000, 0.000000000000000000, 0.000000000000000000 ) ) ;
#2075 = DIRECTION ( 'NONE',  ( -0.000000000000000000, -0.000000000000000000, -1.000000000000000000 ) ) ;
#2076 = CARTESIAN_POINT ( 'NONE',  ( 15.00000000000000355, -5.977355505608115571, 5.597283974997625755 ) ) ;
#2077 = DIRECTION ( 'NONE',  ( -1.000000000000000000, 3.362441617396929081E-16, 0.000000000000000000 ) ) ;
#2078 = ORIENTED_EDGE ( 'NONE', *, *, #2109, .T. ) ;
#2079 = EDGE_CURVE ( 'NONE', #1893, #2016, #1672, .T. ) ;
#2080 = DIRECTION ( 'NONE',  ( -0.000000000000000000, -0.000000000000000000, -1.000000000000000000 ) ) ;
#2081 = ORIENTED_EDGE ( 'NONE', *, *, #2135, .T. ) ;
#2082 = DIRECTION ( 'NONE',  ( 1.000000000000000000, 3.584362867660578560E-16, 1.554469603237588787E-31 ) ) ;
#2083 = EDGE_CURVE ( 'NONE', #681, #122, #481, .T. ) ;
#2084 = VERTEX_POINT ( 'NONE', #1202 ) ;
#2085 = DIRECTION ( 'NONE',  ( 1.000000000000000000, 0.000000000000000000, 0.000000000000000000 ) ) ;
#2086 = FACE_OUTER_BOUND ( 'NONE', #559, .T. ) ;
#2087 = CARTESIAN_POINT ( 'NONE',  ( -9.500000000000266454, 2.682611179000530885E-13, 0.000000000000000000 ) ) ;
#2088 = ORIENTED_EDGE ( 'NONE', *, *, #1510, .T. ) ;
#2089 = DIRECTION ( 'NONE',  ( -1.000000000000000000, 0.000000000000000000, 0.000000000000000000 ) ) ;
#2090 = ORIENTED_EDGE ( 'NONE', *, *, #775, .F. ) ;
#2091 = CARTESIAN_POINT ( 'NONE',  ( 15.04146058269056674, 4.496509727464867545, 5.239488478652236658 ) ) ;
#2092 = VECTOR ( 'NONE', #783, 1000.000000000000000 ) ;
#2093 = VERTEX_POINT ( 'NONE', #869 ) ;
#2094 = EDGE_CURVE ( 'NONE', #946, #663, #1127, .T. ) ;
#2095 = CARTESIAN_POINT ( 'NONE',  ( -20.54487835701897325, -14.92925506250734813, -1.734723475976807883E-15 ) ) ;
#2096 = VECTOR ( 'NONE', #2075, 1000.000000000000000 ) ;
#2097 = AXIS2_PLACEMENT_3D ( 'NONE', #678, #478, #1185 ) ;
#2098 = VECTOR ( 'NONE', #715, 1000.000000000000000 ) ;
#2099 = PLANE ( 'NONE',  #1004 ) ;
#2100 = ORIENTED_EDGE ( 'NONE', *, *, #1654, .T. ) ;
#2101 = AXIS2_PLACEMENT_3D ( 'NONE', #1937, #283, #2085 ) ;
#2102 = AXIS2_PLACEMENT_3D ( 'NONE', #813, #1531, #423 ) ;
#2103 = DIRECTION ( 'NONE',  ( -0.000000000000000000, -0.000000000000000000, -1.000000000000000000 ) ) ;
#2104 = EDGE_LOOP ( 'NONE', ( #2009, #545 ) ) ;
#2105 = CARTESIAN_POINT ( 'NONE',  ( 21.00000000000000000, 3.702041028867286698, 0.000000000000000000 ) ) ;
#2106 = ORIENTED_EDGE ( 'NONE', *, *, #1819, .T. ) ;
#2107 = CARTESIAN_POINT ( 'NONE',  ( -15.46059226670257658, 6.013107513515421942, 4.400515842999463523 ) ) ;
#2108 = EDGE_CURVE ( 'NONE', #32, #2151, #839, .T. ) ;
#2109 = EDGE_CURVE ( 'NONE', #1822, #2304, #416, .T. ) ;
#2110 = CARTESIAN_POINT ( 'NONE',  ( -20.00000000000000355, -5.977355505608152875, 4.000000000000000000 ) ) ;
#2111 = ORIENTED_EDGE ( 'NONE', *, *, #2167, .T. ) ;
#2112 = CARTESIAN_POINT ( 'NONE',  ( 20.00000000000000355, -5.977355505608152875, 4.000000000000000000 ) ) ;
#2113 = ORIENTED_EDGE ( 'NONE', *, *, #2224, .T. ) ;
#2114 = DIRECTION ( 'NONE',  ( -0.000000000000000000, -1.000000000000000000, -0.000000000000000000 ) ) ;
#2115 = ORIENTED_EDGE ( 'NONE', *, *, #158, .F. ) ;
#2116 =( NAMED_UNIT ( * ) SI_UNIT ( $, .STERADIAN. ) SOLID_ANGLE_UNIT ( ) );
#2117 = CYLINDRICAL_SURFACE ( 'NONE', #976, 3.000000000000002665 ) ;
#2118 = EDGE_CURVE ( 'NONE', #2227, #346, #153, .T. ) ;
#2119 = CARTESIAN_POINT ( 'NONE',  ( -5.365222358001061769E-13, -9.500000000000000000, -1.734723475976807883E-15 ) ) ;
#2120 = ADVANCED_FACE ( 'NONE', ( #667 ), #1576, .T. ) ;
#2121 = ORIENTED_EDGE ( 'NONE', *, *, #355, .F. ) ;
#2122 = DIRECTION ( 'NONE',  ( -1.000000000000000000, 3.584362867660578560E-16, 1.554469603237588787E-31 ) ) ;
#2123 = ORIENTED_EDGE ( 'NONE', *, *, #1020, .T. ) ;
#2124 = CARTESIAN_POINT ( 'NONE',  ( 17.49999999999996803, 13.50000000000002842, 0.000000000000000000 ) ) ;
#2125 = EDGE_CURVE ( 'NONE', #1291, #905, #1014, .T. ) ;
#2126 = EDGE_LOOP ( 'NONE', ( #1377, #1964 ) ) ;
#2127 = CYLINDRICAL_SURFACE ( 'NONE', #1311, 2.099999999999994316 ) ;
#2128 = CARTESIAN_POINT ( 'NONE',  ( 22.53325074157381991, -15.93444257402482123, 4.000000000000000000 ) ) ;
#2129 = CARTESIAN_POINT ( 'NONE',  ( -23.00000000000003553, -1.137657238370434420, 46.01431377447579507 ) ) ;
#2130 = VECTOR ( 'NONE', #881, 1000.000000000000000 ) ;
#2131 = CARTESIAN_POINT ( 'NONE',  ( -15.37499999999996625, 13.50000000000002132, -1.734723475976807883E-15 ) ) ;
#2132 = VECTOR ( 'NONE', #872, 1000.000000000000000 ) ;
#2133 = ORIENTED_EDGE ( 'NONE', *, *, #2140, .T. ) ;
#2134 = VECTOR ( 'NONE', #811, 1000.000000000000227 ) ;
#2135 = EDGE_CURVE ( 'NONE', #101, #1733, #299, .T. ) ;
#2136 = CIRCLE ( 'NONE', #707, 40.70576098207487803 ) ;
#2137 = DIRECTION ( 'NONE',  ( 0.9416563426967269335, -0.3365758937580416443, 0.000000000000000000 ) ) ;
#2138 = ORIENTED_EDGE ( 'NONE', *, *, #975, .T. ) ;
#2139 = CARTESIAN_POINT ( 'NONE',  ( -12.49999999999999645, 8.174176983866860979, 10.00000000000000000 ) ) ;
#2140 = EDGE_CURVE ( 'NONE', #1927, #1650, #1609, .T. ) ;
#2141 = CIRCLE ( 'NONE', #1124, 2.099999999999994316 ) ;
#2142 = VERTEX_POINT ( 'NONE', #999 ) ;
#2143 = CARTESIAN_POINT ( 'NONE',  ( 17.49999999999996803, 13.50000000000002842, 4.000000000000000000 ) ) ;
#2144 = AXIS2_PLACEMENT_3D ( 'NONE', #306, #1892, #1049 ) ;
#2145 = CARTESIAN_POINT ( 'NONE',  ( -19.00000000000000711, 17.49999999999999645, 4.000000000000000000 ) ) ;
#2146 = CARTESIAN_POINT ( 'NONE',  ( 20.00000000000000355, -5.977355505608152875, 4.000000000000000000 ) ) ;
#2147 = CARTESIAN_POINT ( 'NONE',  ( 22.53325074157381636, -15.93444257402479280, 4.000000000000000000 ) ) ;
#2148 = ORIENTED_EDGE ( 'NONE', *, *, #735, .F. ) ;
#2149 = DIRECTION ( 'NONE',  ( 2.891205793294678326E-16, 1.000000000000000000, 0.000000000000000000 ) ) ;
#2150 = ADVANCED_FACE ( 'NONE', ( #125 ), #1388, .F. ) ;
#2151 = VERTEX_POINT ( 'NONE', #340 ) ;
#2152 = DIRECTION ( 'NONE',  ( -1.000000000000000000, 3.584362867660578560E-16, 1.554469603237588787E-31 ) ) ;
#2153 = CARTESIAN_POINT ( 'NONE',  ( 19.59999999999995879, 13.50000000000002842, 0.000000000000000000 ) ) ;
#2154 = EDGE_CURVE ( 'NONE', #101, #986, #385, .T. ) ;
#2155 = DIRECTION ( 'NONE',  ( 1.000000000000000000, 0.000000000000000000, 0.000000000000000000 ) ) ;
#2156 = B_SPLINE_CURVE_WITH_KNOTS ( 'NONE', 3,
 ( #2076, #593, #464, #1182 ),
 .UNSPECIFIED., .F., .F.,
 ( 4, 4 ),
 ( 7.757919228897728493E-18, 0.001307774650025336554 ),
 .UNSPECIFIED. ) ;
#2157 = CARTESIAN_POINT ( 'NONE',  ( 16.29487835701897680, -14.92925506250736234, -1.734723475976807883E-15 ) ) ;
#2158 = DIRECTION ( 'NONE',  ( -0.000000000000000000, -0.000000000000000000, -1.000000000000000000 ) ) ;
#2159 = VERTEX_POINT ( 'NONE', #1967 ) ;
#2160 = CARTESIAN_POINT ( 'NONE',  ( -12.49999999999999822, 1.540927403156063358, -1.188798674451244641E-15 ) ) ;
#2161 = ORIENTED_EDGE ( 'NONE', *, *, #1326, .F. ) ;
#2162 = CARTESIAN_POINT ( 'NONE',  ( -19.00000000000000000, 13.49999999999999467, 4.000000000000000000 ) ) ;
#2163 = CARTESIAN_POINT ( 'NONE',  ( 18.41987835701897325, -14.92925506250736234, 0.000000000000000000 ) ) ;
#2164 = CARTESIAN_POINT ( 'NONE',  ( 15.31222719351432460, -17.64098004604368342, 4.000000000000000000 ) ) ;
#2165 = EDGE_CURVE ( 'NONE', #2084, #778, #1444, .T. ) ;
#2166 = LINE ( 'NONE', #919, #712 ) ;
#2167 = EDGE_CURVE ( 'NONE', #1178, #838, #1198, .T. ) ;
#2168 = CYLINDRICAL_SURFACE ( 'NONE', #853, 4.000000000000034639 ) ;
#2169 = VECTOR ( 'NONE', #2, 1000.000000000000000 ) ;
#2170 = ORIENTED_EDGE ( 'NONE', *, *, #1739, .F. ) ;
#2171 = DIRECTION ( 'NONE',  ( -1.000000000000000000, -3.362441617396929081E-16, 0.000000000000000000 ) ) ;
#2172 = ORIENTED_EDGE ( 'NONE', *, *, #1459, .T. ) ;
#2173 = CIRCLE ( 'NONE', #1687, 1.574999999999987965 ) ;
#2174 = CARTESIAN_POINT ( 'NONE',  ( 9.499999999999729994, -2.670977034408631172E-13, -1.734723475976807883E-15 ) ) ;
#2175 = AXIS2_PLACEMENT_3D ( 'NONE', #39, #1484, #1990 ) ;
#2176 = DIRECTION ( 'NONE',  ( 0.000000000000000000, 0.000000000000000000, 1.000000000000000000 ) ) ;
#2177 = DIRECTION ( 'NONE',  ( -2.891205793294678326E-16, -1.000000000000000000, -5.329070518200752183E-15 ) ) ;
#2178 = CIRCLE ( 'NONE', #1655, 6.000000000000000000 ) ;
#2179 = AXIS2_PLACEMENT_3D ( 'NONE', #1926, #1186, #2248 ) ;
#2180 = ORIENTED_EDGE ( 'NONE', *, *, #670, .F. ) ;
#2181 = DIRECTION ( 'NONE',  ( -1.000000000000000000, 0.000000000000000000, 0.000000000000000000 ) ) ;
#2182 = ADVANCED_FACE ( 'NONE', ( #199 ), #1688, .F. ) ;
#2183 = DIRECTION ( 'NONE',  ( -1.000000000000000000, -3.584362867660578560E-16, -1.554469603237588787E-31 ) ) ;
#2184 = ORIENTED_EDGE ( 'NONE', *, *, #1861, .T. ) ;
#2185 = EDGE_CURVE ( 'NONE', #891, #1108, #1103, .T. ) ;
#2186 = ORIENTED_EDGE ( 'NONE', *, *, #1306, .T. ) ;
#2187 = LINE ( 'NONE', #1137, #1873 ) ;
#2188 = ORIENTED_EDGE ( 'NONE', *, *, #2140, .F. ) ;
#2189 =( LENGTH_UNIT ( ) NAMED_UNIT ( * ) SI_UNIT ( .MILLI., .METRE. ) );
#2190 = LINE ( 'NONE', #620, #227 ) ;
#2191 = LINE ( 'NONE', #2145, #642 ) ;
#2192 = VERTEX_POINT ( 'NONE', #1818 ) ;
#2193 = VERTEX_POINT ( 'NONE', #210 ) ;
#2194 = DIRECTION ( 'NONE',  ( -1.000000000000000000, 0.000000000000000000, 0.000000000000000000 ) ) ;
#2195 = DIRECTION ( 'NONE',  ( -0.000000000000000000, -0.000000000000000000, -1.000000000000000000 ) ) ;
#2196 = VERTEX_POINT ( 'NONE', #1080 ) ;
#2197 = EDGE_CURVE ( 'NONE', #913, #1165, #2214, .T. ) ;
#2198 = EDGE_LOOP ( 'NONE', ( #274, #696, #2078, #609, #1473, #1023 ) ) ;
#2199 = CARTESIAN_POINT ( 'NONE',  ( -12.49999999999999645, 8.174176983866860979, 4.000000000000000000 ) ) ;
#2200 = ORIENTED_EDGE ( 'NONE', *, *, #355, .T. ) ;
#2201 = CARTESIAN_POINT ( 'NONE',  ( -12.50000000000000000, -1.137657238370430868, 46.01431377447579507 ) ) ;
#2202 = FACE_OUTER_BOUND ( 'NONE', #1554, .T. ) ;
#2203 = ORIENTED_EDGE ( 'NONE', *, *, #915, .F. ) ;
#2204 = CARTESIAN_POINT ( 'NONE',  ( 15.58748194904054962, 6.312225430809488280, 4.288398639390280209 ) ) ;
#2205 = LINE ( 'NONE', #1667, #1380 ) ;
#2206 = CARTESIAN_POINT ( 'NONE',  ( -20.99999999999999645, 3.702041028867257388, 4.000000000000000000 ) ) ;
#2207 = DIRECTION ( 'NONE',  ( -0.000000000000000000, -0.000000000000000000, -1.000000000000000000 ) ) ;
#2208 = ORIENTED_EDGE ( 'NONE', *, *, #554, .F. ) ;
#2209 = EDGE_CURVE ( 'NONE', #1733, #101, #1010, .T. ) ;
#2210 = CIRCLE ( 'NONE', #331, 5.000000000000007994 ) ;
#2211 = AXIS2_PLACEMENT_3D ( 'NONE', #846, #2278, #665 ) ;
#2212 = CARTESIAN_POINT ( 'NONE',  ( 14.13327635185282460, -22.50000000000000000, 4.000000000000000000 ) ) ;
#2213 = DIRECTION ( 'NONE',  ( -0.000000000000000000, -0.000000000000000000, -1.000000000000000000 ) ) ;
#2214 = CIRCLE ( 'NONE', #191, 4.000000000000023981 ) ;
#2215 = VECTOR ( 'NONE', #1965, 1000.000000000000000 ) ;
#2216 = ORIENTED_EDGE ( 'NONE', *, *, #326, .T. ) ;
#2217 = AXIS2_PLACEMENT_3D ( 'NONE', #2146, #1121, #2194 ) ;
#2218 = CARTESIAN_POINT ( 'NONE',  ( -18.31712053120977401, -10.68563721909178810, 4.000000000000000000 ) ) ;
#2219 = VECTOR ( 'NONE', #1699, 1000.000000000000000 ) ;
#2220 = CARTESIAN_POINT ( 'NONE',  ( -15.81615582064305237, -17.79171828651637099, 4.000000000000000000 ) ) ;
#2221 = CYLINDRICAL_SURFACE ( 'NONE', #1974, 40.70576098207487803 ) ;
#2222 = LINE ( 'NONE', #1816, #1542 ) ;
#2223 = ORIENTED_EDGE ( 'NONE', *, *, #2197, .T. ) ;
#2224 = EDGE_CURVE ( 'NONE', #1093, #663, #546, .T. ) ;
#2225 = DIRECTION ( 'NONE',  ( -0.9416563426967269335, 0.3365758937580416443, -0.000000000000000000 ) ) ;
#2226 = DIRECTION ( 'NONE',  ( 1.000000000000000000, 8.673617379883983210E-16, 0.000000000000000000 ) ) ;
#2227 = VERTEX_POINT ( 'NONE', #1269 ) ;
#2228 = ADVANCED_FACE ( 'NONE', ( #1980 ), #189, .F. ) ;
#2229 = DIRECTION ( 'NONE',  ( 0.000000000000000000, 0.000000000000000000, -1.000000000000000000 ) ) ;
#2230 = DIRECTION ( 'NONE',  ( -1.000000000000000000, 3.584362867660578560E-16, 1.554469603237588787E-31 ) ) ;
#2231 = ADVANCED_FACE ( 'NONE', ( #1608 ), #9, .F. ) ;
#2232 = LINE ( 'NONE', #69, #2092 ) ;
#2233 = CYLINDRICAL_SURFACE ( 'NONE', #1610, 1.574999999999993072 ) ;
#2234 = ORIENTED_EDGE ( 'NONE', *, *, #2224, .F. ) ;
#2235 = CARTESIAN_POINT ( 'NONE',  ( 9.499999999999729994, -2.670977034408631172E-13, 0.02499999999999724665 ) ) ;
#2236 = ORIENTED_EDGE ( 'NONE', *, *, #1470, .T. ) ;
#2237 = DIRECTION ( 'NONE',  ( -0.000000000000000000, -0.000000000000000000, -1.000000000000000000 ) ) ;
#2238 = ORIENTED_EDGE ( 'NONE', *, *, #399, .T. ) ;
#2239 = DIRECTION ( 'NONE',  ( 1.000000000000000000, -3.584362867660578560E-16, -1.554469603237588787E-31 ) ) ;
#2240 = CARTESIAN_POINT ( 'NONE',  ( 1.574999999999457057, -9.500000000000000000, 0.000000000000000000 ) ) ;
#2241 = CYLINDRICAL_SURFACE ( 'NONE', #1903, 5.999999999999998224 ) ;
#2242 = CARTESIAN_POINT ( 'NONE',  ( 19.53325074157381991, -14.30619384669944871, 0.000000000000000000 ) ) ;
#2243 = ORIENTED_EDGE ( 'NONE', *, *, #627, .T. ) ;
#2244 = CIRCLE ( 'NONE', #1532, 1.600000000000000755 ) ;
#2245 = CARTESIAN_POINT ( 'NONE',  ( 22.53325074157381636, -14.30619384669946470, 4.000000000000000000 ) ) ;
#2246 = VERTEX_POINT ( 'NONE', #1060 ) ;
#2247 = AXIS2_PLACEMENT_3D ( 'NONE', #1314, #1860, #1525 ) ;
#2248 = DIRECTION ( 'NONE',  ( -1.000000000000000000, 0.000000000000000000, 0.000000000000000000 ) ) ;
#2249 = CIRCLE ( 'NONE', #1537, 1.600000000000000755 ) ;
#2250 = ORIENTED_EDGE ( 'NONE', *, *, #396, .T. ) ;
#2251 = PLANE ( 'NONE',  #1316 ) ;
#2252 = CIRCLE ( 'NONE', #1837, 6.000000000000001776 ) ;
#2253 = FACE_OUTER_BOUND ( 'NONE', #2306, .T. ) ;
#2254 = AXIS2_PLACEMENT_3D ( 'NONE', #2160, #1433, #2149 ) ;
#2255 = EDGE_CURVE ( 'NONE', #224, #596, #1797, .T. ) ;
#2256 = DIRECTION ( 'NONE',  ( 0.9416563426967256012, 0.3365758937580449195, 0.000000000000000000 ) ) ;
#2257 = ADVANCED_FACE ( 'NONE', ( #914 ), #689, .F. ) ;
#2258 = AXIS2_PLACEMENT_3D ( 'NONE', #413, #64, #777 ) ;
#2259 = DIRECTION ( 'NONE',  ( -1.000000000000000000, 0.000000000000000000, 0.000000000000000000 ) ) ;
#2260 = ORIENTED_EDGE ( 'NONE', *, *, #1436, .T. ) ;
#2261 = CARTESIAN_POINT ( 'NONE',  ( 20.00000000000000355, -5.977355505608152875, 4.000000000000000000 ) ) ;
#2262 = ORIENTED_EDGE ( 'NONE', *, *, #771, .T. ) ;
#2263 = CARTESIAN_POINT ( 'NONE',  ( 12.50000000000000000, 1.540927403156063358, -1.188798674451244641E-15 ) ) ;
#2264 = ORIENTED_EDGE ( 'NONE', *, *, #170, .F. ) ;
#2265 = CARTESIAN_POINT ( 'NONE',  ( 9.499999999999729994, -2.670977034408631172E-13, 4.000000000000000000 ) ) ;
#2266 = DIRECTION ( 'NONE',  ( -0.000000000000000000, -0.000000000000000000, -1.000000000000000000 ) ) ;
#2267 = CARTESIAN_POINT ( 'NONE',  ( 18.41987835701897325, -14.92925506250736234, 0.000000000000000000 ) ) ;
#2268 = EDGE_LOOP ( 'NONE', ( #1858, #750, #1622, #19 ) ) ;
#2269 = EDGE_CURVE ( 'NONE', #400, #203, #971, .T. ) ;
#2270 = LINE ( 'NONE', #2245, #518 ) ;
#2271 = ORIENTED_EDGE ( 'NONE', *, *, #2000, .T. ) ;
#2272 = CARTESIAN_POINT ( 'NONE',  ( 19.79999999999998295, 9.580816411546910771, 0.000000000000000000 ) ) ;
#2273 = ORIENTED_EDGE ( 'NONE', *, *, #1565, .T. ) ;
#2274 = CARTESIAN_POINT ( 'NONE',  ( -16.51030121829482766, 7.696650309165863568, 4.013081832916393310 ) ) ;
#2275 = CARTESIAN_POINT ( 'NONE',  ( 12.50000000000000178, -3.816241879896908440, -5.459248015255631436E-16 ) ) ;
#2276 = FACE_OUTER_BOUND ( 'NONE', #1541, .T. ) ;
#2277 = ORIENTED_EDGE ( 'NONE', *, *, #208, .F. ) ;
#2278 = DIRECTION ( 'NONE',  ( -0.000000000000000000, -0.000000000000000000, 1.000000000000000000 ) ) ;
#2279 = ADVANCED_FACE ( 'NONE', ( #1407 ), #1260, .F. ) ;
#2280 = EDGE_LOOP ( 'NONE', ( #406, #1864, #1366, #2302 ) ) ;
#2281 = DIRECTION ( 'NONE',  ( -0.000000000000000000, -0.000000000000000000, -1.000000000000000000 ) ) ;
#2282 = AXIS2_PLACEMENT_3D ( 'NONE', #1862, #258, #851 ) ;
#2283 = VERTEX_POINT ( 'NONE', #166 ) ;
#2284 = CIRCLE ( 'NONE', #1414, 40.70576098207487803 ) ;
#2285 = DIRECTION ( 'NONE',  ( -3.584362867660578560E-16, 1.000000000000000000, -0.000000000000000000 ) ) ;
#2286 = AXIS2_PLACEMENT_3D ( 'NONE', #1071, #1811, #30 ) ;
#2287 = AXIS2_PLACEMENT_3D ( 'NONE', #904, #1772, #1067 ) ;
#2288 = AXIS2_PLACEMENT_3D ( 'NONE', #821, #1540, #2259 ) ;
#2289 = CARTESIAN_POINT ( 'NONE',  ( -19.00000000000000000, 13.49999999999999467, 4.000000000000000000 ) ) ;
#2290 = ORIENTED_EDGE ( 'NONE', *, *, #1764, .T. ) ;
#2291 = VECTOR ( 'NONE', #1824, 1000.000000000000000 ) ;
#2292 = AXIS2_PLACEMENT_3D ( 'NONE', #1521, #2237, #1343 ) ;
#2293 = FACE_OUTER_BOUND ( 'NONE', #641, .T. ) ;
#2294 = ORIENTED_EDGE ( 'NONE', *, *, #1880, .F. ) ;
#2295 = CARTESIAN_POINT ( 'NONE',  ( -15.13535263884598159, -7.132866670252306029, 4.999999999999999112 ) ) ;
#2296 = ADVANCED_FACE ( 'NONE', ( #1594 ), #2314, .F. ) ;
#2297 = ORIENTED_EDGE ( 'NONE', *, *, #1158, .F. ) ;
#2298 = CARTESIAN_POINT ( 'NONE',  ( -19.62499999999996803, 13.50000000000002132, -1.734723475976807883E-15 ) ) ;
#2299 = EDGE_CURVE ( 'NONE', #222, #1114, #1508, .T. ) ;
#2300 = DIRECTION ( 'NONE',  ( 0.000000000000000000, 0.000000000000000000, -1.000000000000000000 ) ) ;
#2301 = B_SPLINE_CURVE_WITH_KNOTS ( 'NONE', 3,
 ( #66, #1336, #235, #605, #1327, #2204, #1676, #769, #1142, #1686, #992, #102 ),
 .UNSPECIFIED., .F., .F.,
 ( 4, 2, 2, 2, 2, 4 ),
 ( 0.000000000000000000, 0.001013524984355165760, 0.002027049968710331520, 0.003040574953065497063, 0.003547337445243080485, 0.004054099937420663907 ),
 .UNSPECIFIED. ) ;
#2302 = ORIENTED_EDGE ( 'NONE', *, *, #1522, .T. ) ;
#2303 = DIRECTION ( 'NONE',  ( 1.000000000000000000, 0.000000000000000000, 0.000000000000000000 ) ) ;
#2304 = VERTEX_POINT ( 'NONE', #1831 ) ;
#2305 = DIRECTION ( 'NONE',  ( 0.9416563426967258232, 0.3365758937580445309, -0.000000000000000000 ) ) ;
#2306 = EDGE_LOOP ( 'NONE', ( #233, #51, #570, #633 ) ) ;
#2307 = DIRECTION ( 'NONE',  ( -0.000000000000000000, -0.000000000000000000, -1.000000000000000000 ) ) ;
#2308 = CARTESIAN_POINT ( 'NONE',  ( -15.16733753082783842, 5.137891141056659450, 4.814044179373893506 ) ) ;
#2309 = EDGE_CURVE ( 'NONE', #341, #1552, #41, .T. ) ;
#2310 = LINE ( 'NONE', #2131, #1042 ) ;
#2311 = ORIENTED_EDGE ( 'NONE', *, *, #1561, .T. ) ;
#2312 = FACE_OUTER_BOUND ( 'NONE', #469, .T. ) ;
#2313 = ORIENTED_EDGE ( 'NONE', *, *, #1417, .T. ) ;
#2314 = CYLINDRICAL_SURFACE ( 'NONE', #594, 5.000000000000000888 ) ;
#2315 = ORIENTED_EDGE ( 'NONE', *, *, #1666, .F. ) ;
#2316 = CARTESIAN_POINT ( 'NONE',  ( -19.59999999999996234, 13.50000000000002132, 4.000000000000000000 ) ) ;
#2317 = DIRECTION ( 'NONE',  ( -0.000000000000000000, -0.000000000000000000, -1.000000000000000000 ) ) ;
#2318 = CARTESIAN_POINT ( 'NONE',  ( 19.53325074157381991, -14.30619384669944871, 4.000000000000000000 ) ) ;
ENDSEC;
END-ISO-10303-21;
